Plot Title: FourMileTestLogger,,,,,,,
#,Date Time,,,,,,
1,4/14/2017 14:15,9.928,8.319,1.609,,,
2,4/14/2017 14:30,8.344,8.245,0.099,,,
3,4/14/2017 14:45,8.344,8.27,0.074,,,0.137357049
4,4/14/2017 15:00,8.369,8.319,0.05,,,
5,4/14/2017 15:15,8.444,8.369,0.075,,,
6,4/14/2017 15:30,8.494,8.394,0.1,,,
7,4/14/2017 15:45,8.494,8.394,0.1,,,
8,4/14/2017 16:00,8.494,8.369,0.125,,,
9,4/14/2017 16:15,8.444,8.319,0.125,,,
10,4/14/2017 16:30,8.394,8.27,0.124,,,
11,4/14/2017 16:45,8.319,8.195,0.124,,,
12,4/14/2017 17:00,8.27,8.145,0.125,,,
13,4/14/2017 17:15,8.195,8.07,0.125,,,
14,4/14/2017 17:30,8.095,7.97,0.125,,,
15,4/14/2017 17:45,8.045,7.895,0.15,,,
16,4/14/2017 18:00,7.945,7.82,0.125,,,
17,4/14/2017 18:15,7.895,7.745,0.15,,,
18,4/14/2017 18:30,7.795,7.67,0.125,,,
19,4/14/2017 18:45,7.745,7.594,0.151,,,
20,4/14/2017 19:00,7.645,7.519,0.126,,,
21,4/14/2017 19:15,7.569,7.444,0.125,,,
22,4/14/2017 19:30,7.494,7.343,0.151,,,
23,4/14/2017 19:45,7.419,7.268,0.151,,,
24,4/14/2017 20:00,7.343,7.192,0.151,,,
25,4/14/2017 20:15,7.242,7.091,0.151,,,
26,4/14/2017 20:30,7.167,7.015,0.152,,,
27,4/14/2017 20:45,7.091,6.914,0.177,,,
28,4/14/2017 21:00,7.015,6.839,0.176,,,
29,4/14/2017 21:15,6.94,6.763,0.177,,,
30,4/14/2017 21:30,6.864,6.687,0.177,,,
31,4/14/2017 21:45,6.788,6.611,0.177,,,
32,4/14/2017 22:00,6.712,6.535,0.177,,,
33,4/14/2017 22:15,6.636,6.458,0.178,,,
34,4/14/2017 22:30,6.56,6.382,0.178,,,
35,4/14/2017 22:45,6.484,6.306,0.178,,,
36,4/14/2017 23:00,6.408,6.23,0.178,,,
37,4/14/2017 23:15,6.331,6.153,0.178,,,
38,4/14/2017 23:30,6.281,6.077,0.204,,,
39,4/14/2017 23:45,6.204,6,0.204,,,
40,4/15/2017 0:00,6.128,5.924,0.204,,,
41,4/15/2017 0:15,6.051,5.847,0.204,,,
42,4/15/2017 0:30,5.975,5.77,0.205,,,
43,4/15/2017 0:45,5.898,5.693,0.205,,,
44,4/15/2017 1:00,5.847,5.616,0.231,,,
45,4/15/2017 1:15,5.77,5.565,0.205,,,
46,4/15/2017 1:30,5.693,5.488,0.205,,,
47,4/15/2017 1:45,5.616,5.411,0.205,,,
48,4/15/2017 2:00,5.539,5.334,0.205,,,
49,4/15/2017 2:15,5.488,5.282,0.206,,,
50,4/15/2017 2:30,5.411,5.205,0.206,,,
51,4/15/2017 2:45,5.36,5.128,0.232,,,
52,4/15/2017 3:00,5.282,5.076,0.206,,,
53,4/15/2017 3:15,5.205,4.999,0.206,,,
54,4/15/2017 3:30,5.154,4.947,0.207,,,
55,4/15/2017 3:45,5.102,4.869,0.233,,,
56,4/15/2017 4:00,5.05,4.818,0.232,,,
57,4/15/2017 4:15,4.973,4.766,0.207,,,
58,4/15/2017 4:30,4.921,4.688,0.233,,,
59,4/15/2017 4:45,4.869,4.636,0.233,,,
60,4/15/2017 5:00,4.818,4.584,0.234,,,
61,4/15/2017 5:15,4.766,4.532,0.234,,,
62,4/15/2017 5:30,4.714,4.48,0.234,,,
63,4/15/2017 5:45,4.662,4.428,0.234,,,
64,4/15/2017 6:00,4.61,4.402,0.208,,,
65,4/15/2017 6:15,4.584,4.376,0.208,,,
66,4/15/2017 6:30,4.558,4.35,0.208,,,
67,4/15/2017 6:45,4.532,4.324,0.208,,,
68,4/15/2017 7:00,4.532,4.324,0.208,,,
69,4/15/2017 7:15,4.532,4.35,0.182,,,
70,4/15/2017 7:30,4.558,4.376,0.182,,,
71,4/15/2017 7:45,4.584,4.428,0.156,,,
72,4/15/2017 8:00,4.636,4.48,0.156,,,
73,4/15/2017 8:15,4.688,4.558,0.13,,,
74,4/15/2017 8:30,4.766,4.636,0.13,,,
75,4/15/2017 8:45,4.844,4.74,0.104,,,
76,4/15/2017 9:00,4.947,4.844,0.103,,,
77,4/15/2017 9:15,5.076,4.999,0.077,,,
78,4/15/2017 9:30,5.205,5.154,0.051,,,
79,4/15/2017 9:45,5.385,5.334,0.051,,,
80,4/15/2017 10:00,5.565,5.488,0.077,,,
81,4/15/2017 10:15,5.719,5.668,0.051,,,
82,4/15/2017 10:30,5.872,5.847,0.025,,,
83,4/15/2017 10:45,6.077,6.051,0.026,,,
84,4/15/2017 11:00,6.306,6.281,0.025,,,
85,4/15/2017 11:15,6.509,6.484,0.025,,,
86,4/15/2017 11:30,6.712,6.712,0,,,
87,4/15/2017 11:45,6.94,6.94,0,,,
88,4/15/2017 12:00,7.142,7.142,0,,,
89,4/15/2017 12:15,7.368,7.368,0,,,
90,4/15/2017 12:30,7.569,7.569,0,,,
91,4/15/2017 12:45,7.77,7.77,0,,,
92,4/15/2017 13:00,7.97,7.995,0.025,,,
93,4/15/2017 13:15,8.17,8.195,0.025,,,
94,4/15/2017 13:30,8.344,8.369,0.025,,,
95,4/15/2017 13:45,8.543,8.568,0.025,,,
96,4/15/2017 14:00,8.717,8.717,0,,,
97,4/15/2017 14:15,8.866,8.866,0,,,
98,4/15/2017 14:30,8.99,8.99,0,,,
99,4/15/2017 14:45,9.064,9.04,0.024,,,
100,4/15/2017 15:00,9.139,9.114,0.025,,,
101,4/15/2017 15:15,9.188,9.163,0.025,,,
102,4/15/2017 15:30,9.238,9.188,0.05,,,
103,4/15/2017 15:45,9.238,9.188,0.05,,,
104,4/15/2017 16:00,9.188,9.139,0.049,,,
105,4/15/2017 16:15,9.163,9.089,0.074,,,
106,4/15/2017 16:30,9.114,9.04,0.074,,,
107,4/15/2017 16:45,9.064,8.99,0.074,,,
108,4/15/2017 17:00,9.04,8.941,0.099,,,
109,4/15/2017 17:15,8.941,8.866,0.075,,,
110,4/15/2017 17:30,8.916,8.792,0.124,,,
111,4/15/2017 17:45,8.866,8.742,0.124,,,
112,4/15/2017 18:00,8.792,8.693,0.099,,,
113,4/15/2017 18:15,8.742,8.643,0.099,,,
114,4/15/2017 18:30,8.693,8.593,0.1,,,
115,4/15/2017 18:45,8.668,8.543,0.125,,,
116,4/15/2017 19:00,8.618,8.494,0.124,,,
117,4/15/2017 19:15,8.568,8.444,0.124,,,
118,4/15/2017 19:30,8.543,8.419,0.124,,,
119,4/15/2017 19:45,8.494,8.394,0.1,,,
120,4/15/2017 20:00,8.469,8.369,0.1,,,
121,4/15/2017 20:15,8.444,8.344,0.1,,,
122,4/15/2017 20:30,8.419,8.319,0.1,,,
123,4/15/2017 20:45,8.394,8.295,0.099,,,
124,4/15/2017 21:00,8.394,8.27,0.124,,,
125,4/15/2017 21:15,8.369,8.27,0.099,,,
126,4/15/2017 21:30,8.369,8.245,0.124,,,
127,4/15/2017 21:45,8.344,8.245,0.099,,,
128,4/15/2017 22:00,8.344,8.22,0.124,,,
129,4/15/2017 22:15,8.319,8.195,0.124,,,
130,4/15/2017 22:30,8.319,8.195,0.124,,,
131,4/15/2017 22:45,8.295,8.195,0.1,,,
132,4/15/2017 23:00,8.295,8.17,0.125,,,
133,4/15/2017 23:15,8.27,8.145,0.125,,,
134,4/15/2017 23:30,8.245,8.12,0.125,,,
135,4/15/2017 23:45,8.245,8.095,0.15,,,
136,4/16/2017 0:00,8.195,8.07,0.125,,,
137,4/16/2017 0:15,8.17,8.045,0.125,,,
138,4/16/2017 0:30,8.145,8.02,0.125,,,
139,4/16/2017 0:45,8.095,7.97,0.125,,,
140,4/16/2017 1:00,8.07,7.945,0.125,,,
141,4/16/2017 1:15,8.045,7.895,0.15,,,
142,4/16/2017 1:30,7.995,7.87,0.125,,,
143,4/16/2017 1:45,7.97,7.845,0.125,,,
144,4/16/2017 2:00,7.945,7.82,0.125,,,
145,4/16/2017 2:15,7.92,7.795,0.125,,,
146,4/16/2017 2:30,7.895,7.77,0.125,,,
147,4/16/2017 2:45,7.87,7.72,0.15,,,
148,4/16/2017 3:00,7.845,7.695,0.15,,,
149,4/16/2017 3:15,7.795,7.67,0.125,,,
150,4/16/2017 3:30,7.77,7.645,0.125,,,
151,4/16/2017 3:45,7.745,7.619,0.126,,,
152,4/16/2017 4:00,7.72,7.594,0.126,,,
153,4/16/2017 4:15,7.695,7.544,0.151,,,
154,4/16/2017 4:30,7.67,7.519,0.151,,,
155,4/16/2017 4:45,7.645,7.494,0.151,,,
156,4/16/2017 5:00,7.619,7.469,0.15,,,
157,4/16/2017 5:15,7.594,7.444,0.15,,,
158,4/16/2017 5:30,7.569,7.444,0.125,,,
159,4/16/2017 5:45,7.569,7.444,0.125,,,
160,4/16/2017 6:00,7.544,7.419,0.125,,,
161,4/16/2017 6:15,7.544,7.419,0.125,,,
162,4/16/2017 6:30,7.544,7.419,0.125,,,
163,4/16/2017 6:45,7.569,7.444,0.125,,,
164,4/16/2017 7:00,7.569,7.444,0.125,,,
165,4/16/2017 7:15,7.594,7.469,0.125,,,
166,4/16/2017 7:30,7.619,7.519,0.1,,,
167,4/16/2017 7:45,7.67,7.544,0.126,,,
168,4/16/2017 8:00,7.695,7.594,0.101,,,
169,4/16/2017 8:15,7.77,7.67,0.1,,,
170,4/16/2017 8:30,7.845,7.77,0.075,,,
171,4/16/2017 8:45,7.995,7.895,0.1,,,
172,4/16/2017 9:00,8.095,8.045,0.05,,,
173,4/16/2017 9:15,8.245,8.17,0.075,,,
174,4/16/2017 9:30,8.394,8.319,0.075,,,
175,4/16/2017 9:45,8.543,8.494,0.049,,,
176,4/16/2017 10:00,8.717,8.668,0.049,,,
177,4/16/2017 10:15,8.916,8.866,0.05,,,
178,4/16/2017 10:30,9.139,9.089,0.05,,,
179,4/16/2017 10:45,9.361,9.336,0.025,,,
180,4/16/2017 11:00,9.583,9.534,0.049,,,
181,4/16/2017 11:15,9.756,9.706,0.05,,,
182,4/16/2017 11:30,9.903,9.829,0.074,,,
183,4/16/2017 11:45,10.026,9.952,0.074,,,
184,4/16/2017 12:00,10.1,10.051,0.049,,,
185,4/16/2017 12:15,10.173,10.124,0.049,,,
186,4/16/2017 12:30,10.32,10.271,0.049,,,
187,4/16/2017 12:45,10.418,10.32,0.098,,,
188,4/16/2017 13:00,10.467,10.418,0.049,,,
189,4/16/2017 13:15,10.663,10.59,0.073,,,
190,4/16/2017 13:30,10.687,10.614,0.073,,,
191,4/16/2017 13:45,10.81,10.736,0.074,,,
192,4/16/2017 14:00,10.883,10.81,0.073,,,
193,4/16/2017 14:15,10.98,10.932,0.048,,,
194,4/16/2017 14:30,11.102,11.029,0.073,,,
195,4/16/2017 14:45,11.224,11.175,0.049,,,
196,4/16/2017 15:00,11.346,11.297,0.049,,,
197,4/16/2017 15:15,11.443,11.394,0.049,,,
198,4/16/2017 15:30,11.54,11.492,0.048,,,
199,4/16/2017 15:45,11.613,11.54,0.073,,,
200,4/16/2017 16:00,11.613,11.54,0.073,,,
201,4/16/2017 16:15,11.613,11.54,0.073,,,
202,4/16/2017 16:30,11.637,11.54,0.097,,,
203,4/16/2017 16:45,11.613,11.516,0.097,,,
204,4/16/2017 17:00,11.589,11.492,0.097,,,
205,4/16/2017 17:15,11.54,11.443,0.097,,,
206,4/16/2017 17:30,11.492,11.394,0.098,,,
207,4/16/2017 17:45,11.467,11.346,0.121,,,
208,4/16/2017 18:00,11.443,11.346,0.097,,,
209,4/16/2017 18:15,11.443,11.346,0.097,,,
210,4/16/2017 18:30,11.443,11.321,0.122,,,
211,4/16/2017 18:45,11.394,11.297,0.097,,,
212,4/16/2017 19:00,11.346,11.248,0.098,,,
213,4/16/2017 19:15,11.297,11.175,0.122,,,
214,4/16/2017 19:30,11.248,11.102,0.146,,,
215,4/16/2017 19:45,11.175,11.053,0.122,,,
216,4/16/2017 20:00,11.127,11.005,0.122,,,
217,4/16/2017 20:15,11.053,10.932,0.121,,,
218,4/16/2017 20:30,10.98,10.858,0.122,,,
219,4/16/2017 20:45,10.932,10.81,0.122,,,
220,4/16/2017 21:00,10.858,10.736,0.122,,,
221,4/16/2017 21:15,10.81,10.687,0.123,,,
222,4/16/2017 21:30,10.736,10.614,0.122,,,
223,4/16/2017 21:45,10.687,10.565,0.122,,,
224,4/16/2017 22:00,10.638,10.516,0.122,,,
225,4/16/2017 22:15,10.565,10.443,0.122,,,
226,4/16/2017 22:30,10.516,10.394,0.122,,,
227,4/16/2017 22:45,10.467,10.345,0.122,,,
228,4/16/2017 23:00,10.418,10.296,0.122,,,
229,4/16/2017 23:15,10.369,10.247,0.122,,,
230,4/16/2017 23:30,10.345,10.222,0.123,,,
231,4/16/2017 23:45,10.296,10.173,0.123,,,
232,4/17/2017 0:00,10.247,10.124,0.123,,,
233,4/17/2017 0:15,10.222,10.075,0.147,,,
234,4/17/2017 0:30,10.173,10.026,0.147,,,
235,4/17/2017 0:45,10.124,10.001,0.123,,,
236,4/17/2017 1:00,10.075,9.952,0.123,,,
237,4/17/2017 1:15,10.026,9.903,0.123,,,
238,4/17/2017 1:30,10.001,9.879,0.122,,,
239,4/17/2017 1:45,9.977,9.829,0.148,,,
240,4/17/2017 2:00,9.928,9.78,0.148,,,
241,4/17/2017 2:15,9.879,9.756,0.123,,,
242,4/17/2017 2:30,9.879,9.731,0.148,,,
243,4/17/2017 2:45,9.854,9.706,0.148,,,
244,4/17/2017 3:00,9.829,9.682,0.147,,,
245,4/17/2017 3:15,9.805,9.682,0.123,,,
246,4/17/2017 3:30,9.78,9.657,0.123,,,
247,4/17/2017 3:45,9.756,9.632,0.124,,,
248,4/17/2017 4:00,9.731,9.608,0.123,,,
249,4/17/2017 4:15,9.706,9.558,0.148,,,
250,4/17/2017 4:30,9.682,9.534,0.148,,,
251,4/17/2017 4:45,9.632,9.509,0.123,,,
252,4/17/2017 5:00,9.608,9.46,0.148,,,
253,4/17/2017 5:15,9.558,9.435,0.123,,,
254,4/17/2017 5:30,9.534,9.386,0.148,,,
255,4/17/2017 5:45,9.485,9.361,0.124,,,
256,4/17/2017 6:00,9.46,9.336,0.124,,,
257,4/17/2017 6:15,9.435,9.287,0.148,,,
258,4/17/2017 6:30,9.41,9.262,0.148,,,
259,4/17/2017 6:45,9.386,9.238,0.148,,,
260,4/17/2017 7:00,9.386,9.262,0.124,,,
261,4/17/2017 7:15,9.386,9.262,0.124,,,
262,4/17/2017 7:30,9.386,9.262,0.124,,,
263,4/17/2017 7:45,9.41,9.287,0.123,,,
264,4/17/2017 8:00,9.435,9.336,0.099,,,
265,4/17/2017 8:15,9.485,9.361,0.124,,,
266,4/17/2017 8:30,9.509,9.435,0.074,,,
267,4/17/2017 8:45,9.558,9.46,0.098,,,
268,4/17/2017 9:00,9.632,9.558,0.074,,,
269,4/17/2017 9:15,9.731,9.657,0.074,,,
270,4/17/2017 9:30,9.829,9.756,0.073,,,
271,4/17/2017 9:45,9.952,9.879,0.073,,,
272,4/17/2017 10:00,10.026,9.952,0.074,,,
273,4/17/2017 10:15,10.075,10.001,0.074,,,
274,4/17/2017 10:30,10.124,10.075,0.049,,,
275,4/17/2017 10:45,10.222,10.149,0.073,,,
276,4/17/2017 11:00,10.32,10.296,0.024,,,
277,4/17/2017 11:15,10.443,10.369,0.074,,,
278,4/17/2017 11:30,10.492,10.418,0.074,,,
279,4/17/2017 11:45,10.565,10.467,0.098,,,
280,4/17/2017 12:00,10.59,10.516,0.074,,,
281,4/17/2017 12:15,10.614,10.541,0.073,,,
282,4/17/2017 12:30,10.663,10.59,0.073,,,
283,4/17/2017 12:45,10.687,10.614,0.073,,,
284,4/17/2017 13:00,10.761,10.663,0.098,,,
285,4/17/2017 13:15,10.761,10.687,0.074,,,
286,4/17/2017 13:30,10.81,10.736,0.074,,,
287,4/17/2017 13:45,10.883,10.81,0.073,,,
288,4/17/2017 14:00,11.005,10.932,0.073,,,
289,4/17/2017 14:15,11.053,10.98,0.073,,,
290,4/17/2017 14:30,11.102,11.053,0.049,,,
291,4/17/2017 14:45,11.175,11.078,0.097,,,
292,4/17/2017 15:00,11.102,11.029,0.073,,,
293,4/17/2017 15:15,11.102,10.98,0.122,,,
294,4/17/2017 15:30,11.029,10.907,0.122,,,
295,4/17/2017 15:45,10.98,10.858,0.122,,,
296,4/17/2017 16:00,10.956,10.834,0.122,,,
297,4/17/2017 16:15,10.932,10.834,0.098,,,
298,4/17/2017 16:30,10.907,10.785,0.122,,,
299,4/17/2017 16:45,10.858,10.736,0.122,,,
300,4/17/2017 17:00,10.81,10.687,0.123,,,
301,4/17/2017 17:15,10.761,10.638,0.123,,,
302,4/17/2017 17:30,10.712,10.59,0.122,,,
303,4/17/2017 17:45,10.663,10.541,0.122,,,
304,4/17/2017 18:00,10.614,10.467,0.147,,,
305,4/17/2017 18:15,10.516,10.394,0.122,,,
306,4/17/2017 18:30,10.443,10.296,0.147,,,
307,4/17/2017 18:45,10.369,10.222,0.147,,,
308,4/17/2017 19:00,10.296,10.149,0.147,,,
309,4/17/2017 19:15,10.222,10.075,0.147,,,
310,4/17/2017 19:30,10.149,10.001,0.148,,,
311,4/17/2017 19:45,10.075,9.928,0.147,,,
312,4/17/2017 20:00,10.001,9.854,0.147,,,
313,4/17/2017 20:15,9.952,9.805,0.147,,,
314,4/17/2017 20:30,9.879,9.731,0.148,,,
315,4/17/2017 20:45,9.829,9.657,0.172,,,
316,4/17/2017 21:00,9.756,9.583,0.173,,,
317,4/17/2017 21:15,9.682,9.509,0.173,,,
318,4/17/2017 21:30,9.608,9.435,0.173,,,
319,4/17/2017 21:45,9.534,9.361,0.173,,,
320,4/17/2017 22:00,9.46,9.287,0.173,,,
321,4/17/2017 22:15,9.41,9.238,0.172,,,
322,4/17/2017 22:30,9.361,9.163,0.198,,,
323,4/17/2017 22:45,9.287,9.089,0.198,,,
324,4/17/2017 23:00,9.213,9.015,0.198,,,
325,4/17/2017 23:15,9.139,8.941,0.198,,,
326,4/17/2017 23:30,9.064,8.866,0.198,,,
327,4/17/2017 23:45,8.99,8.792,0.198,,,
328,4/18/2017 0:00,8.941,8.717,0.224,,,
329,4/18/2017 0:15,8.866,8.643,0.223,,,
330,4/18/2017 0:30,8.792,8.568,0.224,,,
331,4/18/2017 0:45,8.742,8.543,0.199,,,
332,4/18/2017 1:00,8.693,8.469,0.224,,,
333,4/18/2017 1:15,8.643,8.444,0.199,,,
334,4/18/2017 1:30,8.618,8.394,0.224,,,
335,4/18/2017 1:45,8.568,8.344,0.224,,,
336,4/18/2017 2:00,8.519,8.295,0.224,,,
337,4/18/2017 2:15,8.469,8.22,0.249,,,
338,4/18/2017 2:30,8.419,8.17,0.249,,,
339,4/18/2017 2:45,8.344,8.095,0.249,,,
340,4/18/2017 3:00,8.295,8.045,0.25,,,
341,4/18/2017 3:15,8.245,7.97,0.275,,,
342,4/18/2017 3:30,8.17,7.895,0.275,,,
343,4/18/2017 3:45,8.095,7.82,0.275,,,
344,4/18/2017 4:00,8.045,7.745,0.3,,,
345,4/18/2017 4:15,7.97,7.67,0.3,,,
346,4/18/2017 4:30,7.895,7.594,0.301,,,
347,4/18/2017 4:45,7.82,7.494,0.326,,,
348,4/18/2017 5:00,7.72,7.393,0.327,,,
349,4/18/2017 5:15,7.645,7.318,0.327,,,
350,4/18/2017 5:30,7.544,7.242,0.302,,,
351,4/18/2017 5:45,7.494,7.142,0.352,,,
352,4/18/2017 6:00,7.419,7.091,0.328,,,
353,4/18/2017 6:15,7.343,7.015,0.328,,,
354,4/18/2017 6:30,7.293,6.94,0.353,,,
355,4/18/2017 6:45,7.217,6.914,0.303,,,
356,4/18/2017 7:00,7.167,6.864,0.303,,,
357,4/18/2017 7:15,7.142,6.864,0.278,,,
358,4/18/2017 7:30,7.142,6.839,0.303,,,
359,4/18/2017 7:45,7.116,6.864,0.252,,,
360,4/18/2017 8:00,7.091,6.864,0.227,,,
361,4/18/2017 8:15,7.091,6.864,0.227,,,
362,4/18/2017 8:30,7.116,6.889,0.227,,,
363,4/18/2017 8:45,7.142,6.94,0.202,,,
364,4/18/2017 9:00,7.167,6.99,0.177,,,
365,4/18/2017 9:15,7.217,7.041,0.176,,,
366,4/18/2017 9:30,7.268,7.116,0.152,,,
367,4/18/2017 9:45,7.343,7.217,0.126,,,
368,4/18/2017 10:00,7.419,7.293,0.126,,,
369,4/18/2017 10:15,7.494,7.393,0.101,,,
370,4/18/2017 10:30,7.594,7.494,0.1,,,
371,4/18/2017 10:45,7.695,7.594,0.101,,,
372,4/18/2017 11:00,7.795,7.72,0.075,,,
373,4/18/2017 11:15,7.895,7.82,0.075,,,
374,4/18/2017 11:30,8.045,7.945,0.1,,,
375,4/18/2017 11:45,8.145,8.095,0.05,,,
376,4/18/2017 12:00,8.295,8.245,0.05,,,
377,4/18/2017 12:15,8.444,8.394,0.05,,,
378,4/18/2017 12:30,8.593,8.543,0.05,,,
379,4/18/2017 12:45,8.742,8.717,0.025,,,
380,4/18/2017 13:00,8.841,8.817,0.024,,,
381,4/18/2017 13:15,8.99,8.965,0.025,,,
382,4/18/2017 13:30,9.139,9.089,0.05,,,
383,4/18/2017 13:45,9.262,9.238,0.024,,,
384,4/18/2017 14:00,9.386,9.361,0.025,,,
385,4/18/2017 14:15,9.509,9.46,0.049,,,
386,4/18/2017 14:30,9.583,9.534,0.049,,,
387,4/18/2017 14:45,9.657,9.583,0.074,,,
388,4/18/2017 15:00,9.682,9.632,0.05,,,
389,4/18/2017 15:15,9.731,9.657,0.074,,,
390,4/18/2017 15:30,9.756,9.706,0.05,,,
391,4/18/2017 15:45,9.78,9.706,0.074,,,
392,4/18/2017 16:00,9.78,9.682,0.098,,,
393,4/18/2017 16:15,9.731,9.657,0.074,,,
394,4/18/2017 16:30,9.706,9.583,0.123,,,
395,4/18/2017 16:45,9.632,9.534,0.098,,,
396,4/18/2017 17:00,9.583,9.46,0.123,,,
397,4/18/2017 17:15,9.509,9.386,0.123,,,
398,4/18/2017 17:30,9.435,9.287,0.148,,,
399,4/18/2017 17:45,9.336,9.188,0.148,,,
400,4/18/2017 18:00,9.262,9.114,0.148,,,
401,4/18/2017 18:15,9.163,8.99,0.173,,,
402,4/18/2017 18:30,9.064,8.891,0.173,,,
403,4/18/2017 18:45,8.99,8.792,0.198,,,
404,4/18/2017 19:00,8.891,8.717,0.174,,,
405,4/18/2017 19:15,8.792,8.618,0.174,,,
406,4/18/2017 19:30,8.717,8.494,0.223,,,
407,4/18/2017 19:45,8.618,8.394,0.224,,,
408,4/18/2017 20:00,8.519,8.295,0.224,,,
409,4/18/2017 20:15,8.419,8.195,0.224,,,
410,4/18/2017 20:30,8.344,8.12,0.224,,,
411,4/18/2017 20:45,8.27,8.045,0.225,,,
412,4/18/2017 21:00,8.22,7.995,0.225,,,
413,4/18/2017 21:15,8.17,7.92,0.25,,,
414,4/18/2017 21:30,8.095,7.845,0.25,,,
415,4/18/2017 21:45,8.045,7.795,0.25,,,
416,4/18/2017 22:00,7.97,7.72,0.25,,,
417,4/18/2017 22:15,7.92,7.645,0.275,,,
418,4/18/2017 22:30,7.845,7.594,0.251,,,
419,4/18/2017 22:45,7.82,7.544,0.276,,,
420,4/18/2017 23:00,7.77,7.494,0.276,,,
421,4/18/2017 23:15,7.72,7.444,0.276,,,
422,4/18/2017 23:30,7.67,7.393,0.277,,,
423,4/18/2017 23:45,7.619,7.343,0.276,,,
424,4/19/2017 0:00,7.594,7.318,0.276,,,
425,4/19/2017 0:15,7.544,7.268,0.276,,,
426,4/19/2017 0:30,7.519,7.242,0.277,,,
427,4/19/2017 0:45,7.469,7.192,0.277,,,
428,4/19/2017 1:00,7.419,7.142,0.277,,,
429,4/19/2017 1:15,7.393,7.116,0.277,,,
430,4/19/2017 1:30,7.368,7.091,0.277,,,
431,4/19/2017 1:45,7.343,7.041,0.302,,,
432,4/19/2017 2:00,7.293,6.99,0.303,,,
433,4/19/2017 2:15,7.242,6.965,0.277,,,
434,4/19/2017 2:30,7.217,6.914,0.303,,,
435,4/19/2017 2:45,7.167,6.864,0.303,,,
436,4/19/2017 3:00,7.142,6.839,0.303,,,
437,4/19/2017 3:15,7.091,6.788,0.303,,,
438,4/19/2017 3:30,7.041,6.763,0.278,,,
439,4/19/2017 3:45,7.015,6.737,0.278,,,
440,4/19/2017 4:00,6.99,6.687,0.303,,,
441,4/19/2017 4:15,6.965,6.661,0.304,,,
442,4/19/2017 4:30,6.94,6.636,0.304,,,
443,4/19/2017 4:45,6.889,6.585,0.304,,,
444,4/19/2017 5:00,6.889,6.56,0.329,,,
445,4/19/2017 5:15,6.839,6.509,0.33,,,
446,4/19/2017 5:30,6.788,6.458,0.33,,,
447,4/19/2017 5:45,6.737,6.408,0.329,,,
448,4/19/2017 6:00,6.687,6.382,0.305,,,
449,4/19/2017 6:15,6.636,6.331,0.305,,,
450,4/19/2017 6:30,6.611,6.306,0.305,,,
451,4/19/2017 6:45,6.585,6.281,0.304,,,
452,4/19/2017 7:00,6.56,6.281,0.279,,,
453,4/19/2017 7:15,6.56,6.281,0.279,,,
454,4/19/2017 7:30,6.56,6.281,0.279,,,
455,4/19/2017 7:45,6.535,6.306,0.229,,,
456,4/19/2017 8:00,6.56,6.331,0.229,,,
457,4/19/2017 8:15,6.585,6.357,0.228,,,
458,4/19/2017 8:30,6.611,6.408,0.203,,,
459,4/19/2017 8:45,6.636,6.433,0.203,,,
460,4/19/2017 9:00,6.661,6.509,0.152,,,
461,4/19/2017 9:15,6.712,6.585,0.127,,,
462,4/19/2017 9:30,6.788,6.687,0.101,,,
463,4/19/2017 9:45,6.864,6.763,0.101,,,
464,4/19/2017 10:00,6.965,6.889,0.076,,,
465,4/19/2017 10:15,7.066,7.015,0.051,,,
466,4/19/2017 10:30,7.192,7.142,0.05,,,
467,4/19/2017 10:45,7.293,7.242,0.051,,,
468,4/19/2017 11:00,7.393,7.343,0.05,,,
469,4/19/2017 11:15,7.494,7.393,0.101,,,
470,4/19/2017 11:30,7.544,7.469,0.075,,,
471,4/19/2017 11:45,7.645,7.544,0.101,,,
472,4/19/2017 12:00,7.67,7.594,0.076,,,
473,4/19/2017 12:15,7.695,7.594,0.101,,,
474,4/19/2017 12:30,7.695,7.594,0.101,,,
475,4/19/2017 12:45,7.72,7.645,0.075,,,
476,4/19/2017 13:00,7.795,7.72,0.075,,,
477,4/19/2017 13:15,7.845,7.77,0.075,,,
478,4/19/2017 13:30,7.895,7.795,0.1,,,
479,4/19/2017 13:45,7.895,7.795,0.1,,,
480,4/19/2017 14:00,7.895,7.795,0.1,,,
481,4/19/2017 14:15,7.895,7.77,0.125,,,
482,4/19/2017 14:30,7.87,7.77,0.1,,,
483,4/19/2017 14:45,7.87,7.77,0.1,,,
484,4/19/2017 15:00,7.87,7.745,0.125,,,
485,4/19/2017 15:15,7.87,7.745,0.125,,,
486,4/19/2017 15:30,7.845,7.72,0.125,,,
487,4/19/2017 15:45,7.82,7.67,0.15,,,
488,4/19/2017 16:00,7.77,7.645,0.125,,,
489,4/19/2017 16:15,7.745,7.619,0.126,,,
490,4/19/2017 16:30,7.72,7.594,0.126,,,
491,4/19/2017 16:45,7.72,7.569,0.151,,,
492,4/19/2017 17:00,7.695,7.544,0.151,,,
493,4/19/2017 17:15,7.645,7.494,0.151,,,
494,4/19/2017 17:30,7.594,7.444,0.15,,,
495,4/19/2017 17:45,7.569,7.393,0.176,,,
496,4/19/2017 18:00,7.544,7.368,0.176,,,
497,4/19/2017 18:15,7.494,7.318,0.176,,,
498,4/19/2017 18:30,7.469,7.293,0.176,,,
499,4/19/2017 18:45,7.419,7.242,0.177,,,
500,4/19/2017 19:00,7.368,7.192,0.176,,,
501,4/19/2017 19:15,7.343,7.167,0.176,,,
502,4/19/2017 19:30,7.293,7.116,0.177,,,
503,4/19/2017 19:45,7.268,7.091,0.177,,,
504,4/19/2017 20:00,7.242,7.041,0.201,,,
505,4/19/2017 20:15,7.217,7.015,0.202,,,
506,4/19/2017 20:30,7.167,6.99,0.177,,,
507,4/19/2017 20:45,7.142,6.965,0.177,,,
508,4/19/2017 21:00,7.142,6.94,0.202,,,
509,4/19/2017 21:15,7.116,6.914,0.202,,,
510,4/19/2017 21:30,7.091,6.889,0.202,,,
511,4/19/2017 21:45,7.066,6.889,0.177,,,
512,4/19/2017 22:00,7.041,6.864,0.177,,,
513,4/19/2017 22:15,7.041,6.864,0.177,,,
514,4/19/2017 22:30,7.015,6.839,0.176,,,
515,4/19/2017 22:45,6.99,6.839,0.151,,,
516,4/19/2017 23:00,6.99,6.813,0.177,,,
517,4/19/2017 23:15,6.99,6.813,0.177,,,
518,4/19/2017 23:30,6.965,6.788,0.177,,,
519,4/19/2017 23:45,6.965,6.788,0.177,,,
520,4/20/2017 0:00,6.94,6.788,0.152,,,
521,4/20/2017 0:15,6.94,6.788,0.152,,,
522,4/20/2017 0:30,6.94,6.763,0.177,,,
523,4/20/2017 0:45,6.94,6.763,0.177,,,
524,4/20/2017 1:00,6.94,6.763,0.177,,,
525,4/20/2017 1:15,6.914,6.763,0.151,,,
526,4/20/2017 1:30,6.914,6.763,0.151,,,
527,4/20/2017 1:45,6.914,6.763,0.151,,,
528,4/20/2017 2:00,6.914,6.763,0.151,,,
529,4/20/2017 2:15,6.914,6.737,0.177,,,
530,4/20/2017 2:30,6.889,6.737,0.152,,,
531,4/20/2017 2:45,6.889,6.737,0.152,,,
532,4/20/2017 3:00,6.889,6.737,0.152,,,
533,4/20/2017 3:15,6.889,6.737,0.152,,,
534,4/20/2017 3:30,6.889,6.737,0.152,,,
535,4/20/2017 3:45,6.889,6.737,0.152,,,
536,4/20/2017 4:00,6.889,6.737,0.152,,,
537,4/20/2017 4:15,6.889,6.737,0.152,,,
538,4/20/2017 4:30,6.889,6.737,0.152,,,
539,4/20/2017 4:45,6.889,6.737,0.152,,,
540,4/20/2017 5:00,6.889,6.737,0.152,,,
541,4/20/2017 5:15,6.889,6.737,0.152,,,
542,4/20/2017 5:30,6.889,6.737,0.152,,,
543,4/20/2017 5:45,6.889,6.737,0.152,,,
544,4/20/2017 6:00,6.889,6.737,0.152,,,
545,4/20/2017 6:15,6.889,6.737,0.152,,,
546,4/20/2017 6:30,6.889,6.763,0.126,,,
547,4/20/2017 6:45,6.914,6.788,0.126,,,
548,4/20/2017 7:00,6.914,6.788,0.126,,,
549,4/20/2017 7:15,6.94,6.813,0.127,,,
550,4/20/2017 7:30,6.965,6.839,0.126,,,
551,4/20/2017 7:45,6.99,6.864,0.126,,,
552,4/20/2017 8:00,7.015,6.889,0.126,,,
553,4/20/2017 8:15,7.066,6.965,0.101,,,
554,4/20/2017 8:30,7.116,7.015,0.101,,,
555,4/20/2017 8:45,7.192,7.091,0.101,,,
556,4/20/2017 9:00,7.268,7.192,0.076,,,
557,4/20/2017 9:15,7.368,7.293,0.075,,,
558,4/20/2017 9:30,7.469,7.368,0.101,,,
559,4/20/2017 9:45,7.519,7.469,0.05,,,
560,4/20/2017 10:00,7.619,7.594,0.025,,,
561,4/20/2017 10:15,7.745,7.72,0.025,,,
562,4/20/2017 10:30,7.895,7.87,0.025,,,
563,4/20/2017 10:45,7.995,7.995,0,,,
564,4/20/2017 11:00,8.17,8.12,0.05,,,
565,4/20/2017 11:15,8.295,8.27,0.025,,,
566,4/20/2017 11:30,8.444,8.444,0,,,
567,4/20/2017 11:45,8.668,8.693,0.025,,,
568,4/20/2017 12:00,8.817,8.792,0.025,,,
569,4/20/2017 12:15,8.916,8.891,0.025,,,
570,4/20/2017 12:30,8.965,8.965,0,,,
571,4/20/2017 12:45,9.114,9.139,0.025,,,
572,4/20/2017 13:00,9.287,9.287,0,,,
573,4/20/2017 13:15,9.41,9.41,0,,,
574,4/20/2017 13:30,9.435,9.46,0.025,,,
575,4/20/2017 13:45,9.583,9.608,0.025,,,
576,4/20/2017 14:00,9.657,9.608,0.049,,,
577,4/20/2017 14:15,9.682,9.657,0.025,,,
578,4/20/2017 14:30,9.756,9.756,0,,,
579,4/20/2017 14:45,9.805,9.78,0.025,,,
580,4/20/2017 15:00,9.879,9.829,0.05,,,
581,4/20/2017 15:15,9.928,9.903,0.025,,,
582,4/20/2017 15:30,9.977,9.903,0.074,,,
583,4/20/2017 15:45,9.952,9.903,0.049,,,
584,4/20/2017 16:00,9.879,9.879,0,,,
585,4/20/2017 16:15,9.903,9.879,0.024,,,
586,4/20/2017 16:30,9.928,9.879,0.049,,,
587,4/20/2017 16:45,9.903,9.854,0.049,,,
588,4/20/2017 17:00,9.903,9.854,0.049,,,
589,4/20/2017 17:15,9.879,9.829,0.05,,,
590,4/20/2017 17:30,9.829,9.78,0.049,,,
591,4/20/2017 17:45,9.78,9.731,0.049,,,
592,4/20/2017 18:00,9.78,9.682,0.098,,,
593,4/20/2017 18:15,9.706,9.632,0.074,,,
594,4/20/2017 18:30,9.706,9.608,0.098,,,
595,4/20/2017 18:45,9.657,9.558,0.099,,,
596,4/20/2017 19:00,9.608,9.509,0.099,,,
597,4/20/2017 19:15,9.558,9.46,0.098,,,
598,4/20/2017 19:30,9.534,9.41,0.124,,,
599,4/20/2017 19:45,9.46,9.361,0.099,,,
600,4/20/2017 20:00,9.435,9.312,0.123,,,
601,4/20/2017 20:15,9.361,9.262,0.099,,,
602,4/20/2017 20:30,9.312,9.213,0.099,,,
603,4/20/2017 20:45,9.262,9.163,0.099,,,
604,4/20/2017 21:00,9.238,9.089,0.149,,,
605,4/20/2017 21:15,9.188,9.04,0.148,,,
606,4/20/2017 21:30,9.139,9.015,0.124,,,
607,4/20/2017 21:45,9.089,8.965,0.124,,,
608,4/20/2017 22:00,9.04,8.916,0.124,,,
609,4/20/2017 22:15,9.015,8.866,0.149,,,
610,4/20/2017 22:30,8.965,8.841,0.124,,,
611,4/20/2017 22:45,8.916,8.767,0.149,,,
612,4/20/2017 23:00,8.866,8.742,0.124,,,
613,4/20/2017 23:15,8.841,8.693,0.148,,,
614,4/20/2017 23:30,8.792,8.643,0.149,,,
615,4/20/2017 23:45,8.767,8.618,0.149,,,
616,4/21/2017 0:00,8.717,8.568,0.149,,,
617,4/21/2017 0:15,8.668,8.519,0.149,,,
618,4/21/2017 0:30,8.643,8.494,0.149,,,
619,4/21/2017 0:45,8.593,8.444,0.149,,,
620,4/21/2017 1:00,8.543,8.394,0.149,,,
621,4/21/2017 1:15,8.519,8.344,0.175,,,
622,4/21/2017 1:30,8.469,8.295,0.174,,,
623,4/21/2017 1:45,8.444,8.27,0.174,,,
624,4/21/2017 2:00,8.394,8.245,0.149,,,
625,4/21/2017 2:15,8.369,8.195,0.174,,,
626,4/21/2017 2:30,8.319,8.17,0.149,,,
627,4/21/2017 2:45,8.295,8.145,0.15,,,
628,4/21/2017 3:00,8.27,8.095,0.175,,,
629,4/21/2017 3:15,8.245,8.07,0.175,,,
630,4/21/2017 3:30,8.195,8.045,0.15,,,
631,4/21/2017 3:45,8.145,7.995,0.15,,,
632,4/21/2017 4:00,8.12,7.97,0.15,,,
633,4/21/2017 4:15,8.095,7.945,0.15,,,
634,4/21/2017 4:30,8.07,7.895,0.175,,,
635,4/21/2017 4:45,8.045,7.87,0.175,,,
636,4/21/2017 5:00,7.995,7.845,0.15,,,
637,4/21/2017 5:15,7.97,7.795,0.175,,,
638,4/21/2017 5:30,7.945,7.77,0.175,,,
639,4/21/2017 5:45,7.895,7.745,0.15,,,
640,4/21/2017 6:00,7.895,7.72,0.175,,,
641,4/21/2017 6:15,7.87,7.695,0.175,,,
642,4/21/2017 6:30,7.845,7.695,0.15,,,
643,4/21/2017 6:45,7.82,7.67,0.15,,,
644,4/21/2017 7:00,7.82,7.645,0.175,,,
645,4/21/2017 7:15,7.795,7.645,0.15,,,
646,4/21/2017 7:30,7.77,7.619,0.151,,,
647,4/21/2017 7:45,7.77,7.619,0.151,,,
648,4/21/2017 8:00,7.745,7.594,0.151,,,
649,4/21/2017 8:15,7.745,7.594,0.151,,,
650,4/21/2017 8:30,7.745,7.594,0.151,,,
651,4/21/2017 8:45,7.72,7.594,0.126,,,
652,4/21/2017 9:00,7.72,7.594,0.126,,,
653,4/21/2017 9:15,7.72,7.594,0.126,,,
654,4/21/2017 9:30,7.745,7.594,0.151,,,
655,4/21/2017 9:45,7.745,7.594,0.151,,,
656,4/21/2017 10:00,7.745,7.619,0.126,,,
657,4/21/2017 10:15,7.745,7.619,0.126,,,
658,4/21/2017 10:30,7.77,7.619,0.151,,,
659,4/21/2017 10:45,7.77,7.645,0.125,,,
660,4/21/2017 11:00,7.795,7.67,0.125,,,
661,4/21/2017 11:15,7.82,7.695,0.125,,,
662,4/21/2017 11:30,7.845,7.72,0.125,,,
663,4/21/2017 11:45,7.845,7.72,0.125,,,
664,4/21/2017 12:00,7.87,7.745,0.125,,,
665,4/21/2017 12:15,7.87,7.745,0.125,,,
666,4/21/2017 12:30,7.87,7.745,0.125,,,
667,4/21/2017 12:45,7.895,7.745,0.15,,,
668,4/21/2017 13:00,7.895,7.77,0.125,,,
669,4/21/2017 13:15,7.895,7.77,0.125,,,
670,4/21/2017 13:30,7.92,7.795,0.125,,,
671,4/21/2017 13:45,7.945,7.82,0.125,,,
672,4/21/2017 14:00,7.945,7.82,0.125,,,
673,4/21/2017 14:15,7.945,7.82,0.125,,,
674,4/21/2017 14:30,7.945,7.82,0.125,,,
675,4/21/2017 14:45,7.945,7.82,0.125,,,
676,4/21/2017 15:00,7.945,7.82,0.125,,,
677,4/21/2017 15:15,7.945,7.82,0.125,,,
678,4/21/2017 15:30,7.945,7.82,0.125,,,
679,4/21/2017 15:45,7.945,7.82,0.125,,,
680,4/21/2017 16:00,7.945,7.82,0.125,,,
681,4/21/2017 16:15,7.945,7.82,0.125,,,
682,4/21/2017 16:30,7.945,7.795,0.15,,,
683,4/21/2017 16:45,7.92,7.795,0.125,,,
684,4/21/2017 17:00,7.92,7.795,0.125,,,
685,4/21/2017 17:15,7.92,7.77,0.15,,,
686,4/21/2017 17:30,7.895,7.77,0.125,,,
687,4/21/2017 17:45,7.895,7.745,0.15,,,
688,4/21/2017 18:00,7.87,7.745,0.125,,,
689,4/21/2017 18:15,7.87,7.72,0.15,,,
690,4/21/2017 18:30,7.845,7.695,0.15,,,
691,4/21/2017 18:45,7.82,7.67,0.15,,,
692,4/21/2017 19:00,7.82,7.67,0.15,,,
693,4/21/2017 19:15,7.795,7.645,0.15,,,
694,4/21/2017 19:30,7.77,7.619,0.151,,,
695,4/21/2017 19:45,7.745,7.594,0.151,,,
696,4/21/2017 20:00,7.72,7.569,0.151,,,
697,4/21/2017 20:15,7.695,7.544,0.151,,,
698,4/21/2017 20:30,7.695,7.519,0.176,,,
699,4/21/2017 20:45,7.67,7.494,0.176,,,
700,4/21/2017 21:00,7.645,7.494,0.151,,,
701,4/21/2017 21:15,7.619,7.469,0.15,,,
702,4/21/2017 21:30,7.594,7.444,0.15,,,
703,4/21/2017 21:45,7.569,7.419,0.15,,,
704,4/21/2017 22:00,7.569,7.393,0.176,,,
705,4/21/2017 22:15,7.544,7.368,0.176,,,
706,4/21/2017 22:30,7.519,7.343,0.176,,,
707,4/21/2017 22:45,7.494,7.318,0.176,,,
708,4/21/2017 23:00,7.469,7.293,0.176,,,
709,4/21/2017 23:15,7.469,7.293,0.176,,,
710,4/21/2017 23:30,7.444,7.268,0.176,,,
711,4/21/2017 23:45,7.419,7.242,0.177,,,
712,4/22/2017 0:00,7.393,7.217,0.176,,,
713,4/22/2017 0:15,7.368,7.192,0.176,,,
714,4/22/2017 0:30,7.343,7.192,0.151,,,
715,4/22/2017 0:45,7.343,7.167,0.176,,,
716,4/22/2017 1:00,7.318,7.142,0.176,,,
717,4/22/2017 1:15,7.293,7.116,0.177,,,
718,4/22/2017 1:30,7.293,7.116,0.177,,,
719,4/22/2017 1:45,7.268,7.091,0.177,,,
720,4/22/2017 2:00,7.242,7.066,0.176,,,
721,4/22/2017 2:15,7.242,7.041,0.201,,,
722,4/22/2017 2:30,7.217,7.041,0.176,,,
723,4/22/2017 2:45,7.192,7.015,0.177,,,
724,4/22/2017 3:00,7.192,6.99,0.202,,,
725,4/22/2017 3:15,7.167,6.99,0.177,,,
726,4/22/2017 3:30,7.167,6.965,0.202,,,
727,4/22/2017 3:45,7.142,6.94,0.202,,,
728,4/22/2017 4:00,7.116,6.94,0.176,,,
729,4/22/2017 4:15,7.091,6.914,0.177,,,
730,4/22/2017 4:30,7.066,6.889,0.177,,,
731,4/22/2017 4:45,7.066,6.864,0.202,,,
732,4/22/2017 5:00,7.041,6.839,0.202,,,
733,4/22/2017 5:15,7.041,6.839,0.202,,,
734,4/22/2017 5:30,7.015,6.813,0.202,,,
735,4/22/2017 5:45,6.99,6.813,0.177,,,
736,4/22/2017 6:00,6.965,6.788,0.177,,,
737,4/22/2017 6:15,6.94,6.763,0.177,,,
738,4/22/2017 6:30,6.94,6.763,0.177,,,
739,4/22/2017 6:45,6.94,6.763,0.177,,,
740,4/22/2017 7:00,6.94,6.763,0.177,,,
741,4/22/2017 7:15,6.94,6.763,0.177,,,
742,4/22/2017 7:30,6.94,6.763,0.177,,,
743,4/22/2017 7:45,6.94,6.788,0.152,,,
744,4/22/2017 8:00,6.94,6.788,0.152,,,
745,4/22/2017 8:15,6.965,6.813,0.152,,,
746,4/22/2017 8:30,6.965,6.839,0.126,,,
747,4/22/2017 8:45,6.99,6.839,0.151,,,
748,4/22/2017 9:00,6.99,6.839,0.151,,,
749,4/22/2017 9:15,6.99,6.864,0.126,,,
750,4/22/2017 9:30,7.015,6.864,0.151,,,
751,4/22/2017 9:45,7.041,6.889,0.152,,,
752,4/22/2017 10:00,7.066,6.914,0.152,,,
753,4/22/2017 10:15,7.066,6.94,0.126,,,
754,4/22/2017 10:30,7.091,6.965,0.126,,,
755,4/22/2017 10:45,7.091,6.965,0.126,,,
756,4/22/2017 11:00,7.116,7.015,0.101,,,
757,4/22/2017 11:15,7.167,7.066,0.101,,,
758,4/22/2017 11:30,7.192,7.091,0.101,,,
759,4/22/2017 11:45,7.217,7.091,0.126,,,
760,4/22/2017 12:00,7.242,7.091,0.151,,,
761,4/22/2017 12:15,7.242,7.116,0.126,,,
762,4/22/2017 12:30,7.242,7.116,0.126,,,
763,4/22/2017 12:45,7.242,7.142,0.1,,,
764,4/22/2017 13:00,7.293,7.167,0.126,,,
765,4/22/2017 13:15,7.318,7.217,0.101,,,
766,4/22/2017 13:30,7.343,7.242,0.101,,,
767,4/22/2017 13:45,7.393,7.293,0.1,,,
768,4/22/2017 14:00,7.444,7.368,0.076,,,
769,4/22/2017 14:15,7.519,7.444,0.075,,,
770,4/22/2017 14:30,7.594,7.494,0.1,,,
771,4/22/2017 14:45,7.619,7.519,0.1,,,
772,4/22/2017 15:00,7.645,7.544,0.101,,,
773,4/22/2017 15:15,7.67,7.569,0.101,,,
774,4/22/2017 15:30,7.695,7.619,0.076,,,
775,4/22/2017 15:45,7.745,7.67,0.075,,,
776,4/22/2017 16:00,7.795,7.695,0.1,,,
777,4/22/2017 16:15,7.795,7.695,0.1,,,
778,4/22/2017 16:30,7.795,7.72,0.075,,,
779,4/22/2017 16:45,7.845,7.745,0.1,,,
780,4/22/2017 17:00,7.87,7.77,0.1,,,
781,4/22/2017 17:15,7.87,7.745,0.125,,,
782,4/22/2017 17:30,7.845,7.745,0.1,,,
783,4/22/2017 17:45,7.845,7.72,0.125,,,
784,4/22/2017 18:00,7.82,7.695,0.125,,,
785,4/22/2017 18:15,7.795,7.695,0.1,,,
786,4/22/2017 18:30,7.795,7.67,0.125,,,
787,4/22/2017 18:45,7.77,7.645,0.125,,,
788,4/22/2017 19:00,7.745,7.619,0.126,,,
789,4/22/2017 19:15,7.72,7.594,0.126,,,
790,4/22/2017 19:30,7.72,7.594,0.126,,,
791,4/22/2017 19:45,7.695,7.569,0.126,,,
792,4/22/2017 20:00,7.67,7.544,0.126,,,
793,4/22/2017 20:15,7.67,7.519,0.151,,,
794,4/22/2017 20:30,7.645,7.519,0.126,,,
795,4/22/2017 20:45,7.619,7.494,0.125,,,
796,4/22/2017 21:00,7.619,7.469,0.15,,,
797,4/22/2017 21:15,7.594,7.444,0.15,,,
798,4/22/2017 21:30,7.569,7.444,0.125,,,
799,4/22/2017 21:45,7.544,7.393,0.151,,,
800,4/22/2017 22:00,7.519,7.368,0.151,,,
801,4/22/2017 22:15,7.494,7.343,0.151,,,
802,4/22/2017 22:30,7.469,7.318,0.151,,,
803,4/22/2017 22:45,7.444,7.268,0.176,,,
804,4/22/2017 23:00,7.393,7.217,0.176,,,
805,4/22/2017 23:15,7.368,7.192,0.176,,,
806,4/22/2017 23:30,7.343,7.167,0.176,,,
807,4/22/2017 23:45,7.293,7.116,0.177,,,
808,4/23/2017 0:00,7.268,7.066,0.202,,,
809,4/23/2017 0:15,7.217,7.015,0.202,,,
810,4/23/2017 0:30,7.167,6.965,0.202,,,
811,4/23/2017 0:45,7.116,6.889,0.227,,,
812,4/23/2017 1:00,7.066,6.839,0.227,,,
813,4/23/2017 1:15,7.015,6.788,0.227,,,
814,4/23/2017 1:30,6.965,6.712,0.253,,,
815,4/23/2017 1:45,6.914,6.661,0.253,,,
816,4/23/2017 2:00,6.839,6.585,0.254,,,
817,4/23/2017 2:15,6.788,6.535,0.253,,,
818,4/23/2017 2:30,6.737,6.458,0.279,,,
819,4/23/2017 2:45,6.661,6.408,0.253,,,
820,4/23/2017 3:00,6.611,6.357,0.254,,,
821,4/23/2017 3:15,6.56,6.306,0.254,,,
822,4/23/2017 3:30,6.509,6.255,0.254,,,
823,4/23/2017 3:45,6.484,6.204,0.28,,,
824,4/23/2017 4:00,6.433,6.153,0.28,,,
825,4/23/2017 4:15,6.382,6.128,0.254,,,
826,4/23/2017 4:30,6.357,6.077,0.28,,,
827,4/23/2017 4:45,6.331,6.051,0.28,,,
828,4/23/2017 5:00,6.281,6,0.281,,,
829,4/23/2017 5:15,6.23,5.949,0.281,,,
830,4/23/2017 5:30,6.179,5.898,0.281,,,
831,4/23/2017 5:45,6.128,5.872,0.256,,,
832,4/23/2017 6:00,6.102,5.821,0.281,,,
833,4/23/2017 6:15,6.051,5.77,0.281,,,
834,4/23/2017 6:30,6.026,5.745,0.281,,,
835,4/23/2017 6:45,6,5.745,0.255,,,
836,4/23/2017 7:00,5.975,5.719,0.256,,,
837,4/23/2017 7:15,5.975,5.745,0.23,,,
838,4/23/2017 7:30,5.975,5.77,0.205,,,
839,4/23/2017 7:45,6.026,5.821,0.205,,,
840,4/23/2017 8:00,6.051,5.872,0.179,,,
841,4/23/2017 8:15,6.102,5.949,0.153,,,
842,4/23/2017 8:30,6.153,6.026,0.127,,,
843,4/23/2017 8:45,6.23,6.102,0.128,,,
844,4/23/2017 9:00,6.306,6.204,0.102,,,
845,4/23/2017 9:15,6.382,6.306,0.076,,,
846,4/23/2017 9:30,6.509,6.433,0.076,,,
847,4/23/2017 9:45,6.611,6.585,0.026,,,
848,4/23/2017 10:00,6.763,6.737,0.026,,,
849,4/23/2017 10:15,6.889,6.864,0.025,,,
850,4/23/2017 10:30,7.015,7.041,0.026,,,
851,4/23/2017 10:45,7.192,7.192,0,,,
852,4/23/2017 11:00,7.368,7.343,0.025,,,
853,4/23/2017 11:15,7.544,7.544,0,,,
854,4/23/2017 11:30,7.67,7.72,0.05,,,
855,4/23/2017 11:45,7.895,7.945,0.05,,,
856,4/23/2017 12:00,8.12,8.12,0,,,
857,4/23/2017 12:15,8.295,8.295,0,,,
858,4/23/2017 12:30,8.494,8.494,0,,,
859,4/23/2017 12:45,8.643,8.693,0.05,,,
860,4/23/2017 13:00,8.817,8.866,0.049,,,
861,4/23/2017 13:15,9.015,9.064,0.049,,,
862,4/23/2017 13:30,9.188,9.238,0.05,,,
863,4/23/2017 13:45,9.336,9.386,0.05,,,
864,4/23/2017 14:00,9.534,9.558,0.024,,,
865,4/23/2017 14:15,9.632,9.682,0.05,,,
866,4/23/2017 14:30,9.805,9.829,0.024,,,
867,4/23/2017 14:45,9.903,9.903,0,,,
868,4/23/2017 15:00,10.001,10.001,0,,,
869,4/23/2017 15:15,10.075,10.051,0.024,,,
870,4/23/2017 15:30,10.124,10.1,0.024,,,
871,4/23/2017 15:45,10.149,10.124,0.025,,,
872,4/23/2017 16:00,10.173,10.149,0.024,,,
873,4/23/2017 16:15,10.149,10.124,0.025,,,
874,4/23/2017 16:30,10.1,10.075,0.025,,,
875,4/23/2017 16:45,10.075,10.026,0.049,,,
876,4/23/2017 17:00,10.026,9.977,0.049,,,
877,4/23/2017 17:15,9.952,9.903,0.049,,,
878,4/23/2017 17:30,9.903,9.829,0.074,,,
879,4/23/2017 17:45,9.829,9.756,0.073,,,
880,4/23/2017 18:00,9.756,9.682,0.074,,,
881,4/23/2017 18:15,9.682,9.608,0.074,,,
882,4/23/2017 18:30,9.608,9.509,0.099,,,
883,4/23/2017 18:45,9.534,9.435,0.099,,,
884,4/23/2017 19:00,9.46,9.361,0.099,,,
885,4/23/2017 19:15,9.386,9.287,0.099,,,
886,4/23/2017 19:30,9.312,9.188,0.124,,,
887,4/23/2017 19:45,9.262,9.139,0.123,,,
888,4/23/2017 20:00,9.188,9.064,0.124,,,
889,4/23/2017 20:15,9.114,8.99,0.124,,,
890,4/23/2017 20:30,9.04,8.916,0.124,,,
891,4/23/2017 20:45,8.99,8.841,0.149,,,
892,4/23/2017 21:00,8.941,8.792,0.149,,,
893,4/23/2017 21:15,8.866,8.717,0.149,,,
894,4/23/2017 21:30,8.817,8.668,0.149,,,
895,4/23/2017 21:45,8.742,8.593,0.149,,,
896,4/23/2017 22:00,8.693,8.543,0.15,,,
897,4/23/2017 22:15,8.643,8.469,0.174,,,
898,4/23/2017 22:30,8.568,8.419,0.149,,,
899,4/23/2017 22:45,8.519,8.369,0.15,,,
900,4/23/2017 23:00,8.469,8.295,0.174,,,
901,4/23/2017 23:15,8.419,8.245,0.174,,,
902,4/23/2017 23:30,8.369,8.17,0.199,,,
903,4/23/2017 23:45,8.295,8.12,0.175,,,
904,4/24/2017 0:00,8.245,8.045,0.2,,,
905,4/24/2017 0:15,8.195,7.995,0.2,,,
906,4/24/2017 0:30,8.145,7.945,0.2,,,
907,4/24/2017 0:45,8.095,7.87,0.225,,,
908,4/24/2017 1:00,8.045,7.795,0.25,,,
909,4/24/2017 1:15,7.995,7.745,0.25,,,
910,4/24/2017 1:30,7.945,7.695,0.25,,,
911,4/24/2017 1:45,7.87,7.645,0.225,,,
912,4/24/2017 2:00,7.82,7.569,0.251,,,
913,4/24/2017 2:15,7.77,7.494,0.276,,,
914,4/24/2017 2:30,7.72,7.444,0.276,,,
915,4/24/2017 2:45,7.67,7.393,0.277,,,
916,4/24/2017 3:00,7.594,7.318,0.276,,,
917,4/24/2017 3:15,7.544,7.268,0.276,,,
918,4/24/2017 3:30,7.494,7.192,0.302,,,
919,4/24/2017 3:45,7.444,7.142,0.302,,,
920,4/24/2017 4:00,7.393,7.066,0.327,,,
921,4/24/2017 4:15,7.318,6.99,0.328,,,
922,4/24/2017 4:30,7.268,6.94,0.328,,,
923,4/24/2017 4:45,7.217,6.889,0.328,,,
924,4/24/2017 5:00,7.142,6.813,0.329,,,
925,4/24/2017 5:15,7.091,6.763,0.328,,,
926,4/24/2017 5:30,7.041,6.687,0.354,,,
927,4/24/2017 5:45,6.99,6.661,0.329,,,
928,4/24/2017 6:00,6.965,6.611,0.354,,,
929,4/24/2017 6:15,6.889,6.56,0.329,,,
930,4/24/2017 6:30,6.864,6.535,0.329,,,
931,4/24/2017 6:45,6.839,6.535,0.304,,,
932,4/24/2017 7:00,6.788,6.535,0.253,,,
933,4/24/2017 7:15,6.788,6.535,0.253,,,
934,4/24/2017 7:30,6.788,6.585,0.203,,,
935,4/24/2017 7:45,6.839,6.661,0.178,,,
936,4/24/2017 8:00,6.864,6.712,0.152,,,
937,4/24/2017 8:15,6.914,6.788,0.126,,,
938,4/24/2017 8:30,6.99,6.889,0.101,,,
939,4/24/2017 8:45,7.066,6.99,0.076,,,
940,4/24/2017 9:00,7.167,7.091,0.076,,,
941,4/24/2017 9:15,7.268,7.217,0.051,,,
942,4/24/2017 9:30,7.393,7.343,0.05,,,
943,4/24/2017 9:45,7.494,7.444,0.05,,,
944,4/24/2017 10:00,7.619,7.594,0.025,,,
945,4/24/2017 10:15,7.745,7.745,0,,,
946,4/24/2017 10:30,7.895,7.895,0,,,
947,4/24/2017 10:45,8.045,8.045,0,,,
948,4/24/2017 11:00,8.195,8.17,0.025,,,
949,4/24/2017 11:15,8.319,8.319,0,,,
950,4/24/2017 11:30,8.444,8.494,0.05,,,
951,4/24/2017 11:45,8.618,8.643,0.025,,,
952,4/24/2017 12:00,8.742,8.817,0.075,,,
953,4/24/2017 12:15,8.99,8.99,0,,,
954,4/24/2017 12:30,9.114,9.163,0.049,,,
955,4/24/2017 12:45,9.287,9.336,0.049,,,
956,4/24/2017 13:00,9.46,9.534,0.074,,,
957,4/24/2017 13:15,9.657,9.731,0.074,,,
958,4/24/2017 13:30,9.903,9.928,0.025,,,
959,4/24/2017 13:45,10.075,10.075,0,,,
960,4/24/2017 14:00,10.173,10.222,0.049,,,
961,4/24/2017 14:15,10.369,10.418,0.049,,,
962,4/24/2017 14:30,10.492,10.516,0.024,,,
963,4/24/2017 14:45,10.565,10.59,0.025,,,
964,4/24/2017 15:00,10.638,10.687,0.049,,,
965,4/24/2017 15:15,10.736,10.761,0.025,,,
966,4/24/2017 15:30,10.81,10.834,0.024,,,
967,4/24/2017 15:45,10.883,10.883,0,,,
968,4/24/2017 16:00,10.883,10.883,0,,,
969,4/24/2017 16:15,10.883,10.883,0,,,
970,4/24/2017 16:30,10.858,10.834,0.024,,,
971,4/24/2017 16:45,10.834,10.81,0.024,,,
972,4/24/2017 17:00,10.81,10.761,0.049,,,
973,4/24/2017 17:15,10.761,10.712,0.049,,,
974,4/24/2017 17:30,10.712,10.638,0.074,,,
975,4/24/2017 17:45,10.663,10.565,0.098,,,
976,4/24/2017 18:00,10.59,10.492,0.098,,,
977,4/24/2017 18:15,10.516,10.418,0.098,,,
978,4/24/2017 18:30,10.443,10.345,0.098,,,
979,4/24/2017 18:45,10.369,10.271,0.098,,,
980,4/24/2017 19:00,10.271,10.198,0.073,,,
981,4/24/2017 19:15,10.198,10.1,0.098,,,
982,4/24/2017 19:30,10.124,10.026,0.098,,,
983,4/24/2017 19:45,10.051,9.952,0.099,,,
984,4/24/2017 20:00,9.977,9.903,0.074,,,
985,4/24/2017 20:15,9.903,9.829,0.074,,,
986,4/24/2017 20:30,9.829,9.756,0.073,,,
987,4/24/2017 20:45,9.78,9.706,0.074,,,
988,4/24/2017 21:00,9.731,9.632,0.099,,,
989,4/24/2017 21:15,9.682,9.558,0.124,,,
990,4/24/2017 21:30,9.608,9.509,0.099,,,
991,4/24/2017 21:45,9.558,9.46,0.098,,,
992,4/24/2017 22:00,9.509,9.386,0.123,,,
993,4/24/2017 22:15,9.46,9.336,0.124,,,
994,4/24/2017 22:30,9.41,9.287,0.123,,,
995,4/24/2017 22:45,9.361,9.238,0.123,,,
996,4/24/2017 23:00,9.312,9.163,0.149,,,
997,4/24/2017 23:15,9.262,9.114,0.148,,,
998,4/24/2017 23:30,9.213,9.064,0.149,,,
999,4/24/2017 23:45,9.163,9.015,0.148,,,
1000,4/25/2017 0:00,9.139,8.965,0.174,,,
1001,4/25/2017 0:15,9.089,8.916,0.173,,,
1002,4/25/2017 0:30,9.04,8.891,0.149,,,
1003,4/25/2017 0:45,8.99,8.841,0.149,,,
1004,4/25/2017 1:00,8.965,8.817,0.148,,,
1005,4/25/2017 1:15,8.941,8.792,0.149,,,
1006,4/25/2017 1:30,8.916,8.767,0.149,,,
1007,4/25/2017 1:45,8.891,8.742,0.149,,,
1008,4/25/2017 2:00,8.866,8.717,0.149,,,
1009,4/25/2017 2:15,8.841,8.693,0.148,,,
1010,4/25/2017 2:30,8.817,8.668,0.149,,,
1011,4/25/2017 2:45,8.792,8.643,0.149,,,
1012,4/25/2017 3:00,8.792,8.643,0.149,,,
1013,4/25/2017 3:15,8.767,8.618,0.149,,,
1014,4/25/2017 3:30,8.742,8.593,0.149,,,
1015,4/25/2017 3:45,8.717,8.568,0.149,,,
1016,4/25/2017 4:00,8.693,8.568,0.125,,,
1017,4/25/2017 4:15,8.693,8.543,0.15,,,
1018,4/25/2017 4:30,8.668,8.519,0.149,,,
1019,4/25/2017 4:45,8.643,8.519,0.124,,,
1020,4/25/2017 5:00,8.643,8.494,0.149,,,
1021,4/25/2017 5:15,8.618,8.469,0.149,,,
1022,4/25/2017 5:30,8.593,8.469,0.124,,,
1023,4/25/2017 5:45,8.593,8.444,0.149,,,
1024,4/25/2017 6:00,8.568,8.444,0.124,,,
1025,4/25/2017 6:15,8.568,8.419,0.149,,,
1026,4/25/2017 6:30,8.568,8.419,0.149,,,
1027,4/25/2017 6:45,8.543,8.419,0.124,,,
1028,4/25/2017 7:00,8.543,8.394,0.149,,,
1029,4/25/2017 7:15,8.543,8.394,0.149,,,
1030,4/25/2017 7:30,8.543,8.394,0.149,,,
1031,4/25/2017 7:45,8.519,8.394,0.125,,,
1032,4/25/2017 8:00,8.519,8.394,0.125,,,
1033,4/25/2017 8:15,8.519,8.394,0.125,,,
1034,4/25/2017 8:30,8.519,8.394,0.125,,,
1035,4/25/2017 8:45,8.543,8.419,0.124,,,
1036,4/25/2017 9:00,8.543,8.444,0.099,,,
1037,4/25/2017 9:15,8.543,8.444,0.099,,,
1038,4/25/2017 9:30,8.568,8.444,0.124,,,
1039,4/25/2017 9:45,8.568,8.469,0.099,,,
1040,4/25/2017 10:00,8.593,8.519,0.074,,,
1041,4/25/2017 10:15,8.643,8.543,0.1,,,
1042,4/25/2017 10:30,8.668,8.593,0.075,,,
1043,4/25/2017 10:45,8.693,8.593,0.1,,,
1044,4/25/2017 11:00,8.693,8.593,0.1,,,
1045,4/25/2017 11:15,8.717,8.618,0.099,,,
1046,4/25/2017 11:30,8.717,8.618,0.099,,,
1047,4/25/2017 11:45,8.742,8.643,0.099,,,
1048,4/25/2017 12:00,8.742,8.643,0.099,,,
1049,4/25/2017 12:15,8.742,8.643,0.099,,,
1050,4/25/2017 12:30,8.742,8.643,0.099,,,
1051,4/25/2017 12:45,8.742,8.643,0.099,,,
1052,4/25/2017 13:00,8.742,8.643,0.099,,,
1053,4/25/2017 13:15,8.767,8.668,0.099,,,
1054,4/25/2017 13:30,8.767,8.693,0.074,,,
1055,4/25/2017 13:45,8.792,8.693,0.099,,,
1056,4/25/2017 14:00,8.792,8.717,0.075,,,
1057,4/25/2017 14:15,8.817,8.717,0.1,,,
1058,4/25/2017 14:30,8.841,8.742,0.099,,,
1059,4/25/2017 14:45,8.841,8.717,0.124,,,
1060,4/25/2017 15:00,8.841,8.742,0.099,,,
1061,4/25/2017 15:15,8.841,8.717,0.124,,,
1062,4/25/2017 15:30,8.817,8.717,0.1,,,
1063,4/25/2017 15:45,8.792,8.693,0.099,,,
1064,4/25/2017 16:00,8.792,8.668,0.124,,,
1065,4/25/2017 16:15,8.767,8.668,0.099,,,
1066,4/25/2017 16:30,8.767,8.643,0.124,,,
1067,4/25/2017 16:45,8.742,8.618,0.124,,,
1068,4/25/2017 17:00,8.717,8.593,0.124,,,
1069,4/25/2017 17:15,8.693,8.568,0.125,,,
1070,4/25/2017 17:30,8.668,8.543,0.125,,,
1071,4/25/2017 17:45,8.643,8.519,0.124,,,
1072,4/25/2017 18:00,8.618,8.494,0.124,,,
1073,4/25/2017 18:15,8.593,8.469,0.124,,,
1074,4/25/2017 18:30,8.568,8.444,0.124,,,
1075,4/25/2017 18:45,8.543,8.394,0.149,,,
1076,4/25/2017 19:00,8.543,8.369,0.174,,,
1077,4/25/2017 19:15,8.494,8.344,0.15,,,
1078,4/25/2017 19:30,8.494,8.319,0.175,,,
1079,4/25/2017 19:45,8.469,8.295,0.174,,,
1080,4/25/2017 20:00,8.444,8.27,0.174,,,
1081,4/25/2017 20:15,8.419,8.245,0.174,,,
1082,4/25/2017 20:30,8.394,8.245,0.149,,,
1083,4/25/2017 20:45,8.369,8.22,0.149,,,
1084,4/25/2017 21:00,8.344,8.195,0.149,,,
1085,4/25/2017 21:15,8.344,8.17,0.174,,,
1086,4/25/2017 21:30,8.319,8.145,0.174,,,
1087,4/25/2017 21:45,8.295,8.145,0.15,,,
1088,4/25/2017 22:00,8.295,8.12,0.175,,,
1089,4/25/2017 22:15,8.27,8.095,0.175,,,
1090,4/25/2017 22:30,8.245,8.095,0.15,,,
1091,4/25/2017 22:45,8.245,8.07,0.175,,,
1092,4/25/2017 23:00,8.22,8.045,0.175,,,
1093,4/25/2017 23:15,8.195,8.045,0.15,,,
1094,4/25/2017 23:30,8.195,8.02,0.175,,,
1095,4/25/2017 23:45,8.17,8.02,0.15,,,
1096,4/26/2017 0:00,8.17,7.995,0.175,,,
1097,4/26/2017 0:15,8.145,7.995,0.15,,,
1098,4/26/2017 0:30,8.145,7.97,0.175,,,
1099,4/26/2017 0:45,8.12,7.97,0.15,,,
1100,4/26/2017 1:00,8.12,7.945,0.175,,,
1101,4/26/2017 1:15,8.095,7.945,0.15,,,
1102,4/26/2017 1:30,8.095,7.92,0.175,,,
1103,4/26/2017 1:45,8.07,7.92,0.15,,,
1104,4/26/2017 2:00,8.07,7.895,0.175,,,
1105,4/26/2017 2:15,8.045,7.895,0.15,,,
1106,4/26/2017 2:30,8.045,7.87,0.175,,,
1107,4/26/2017 2:45,8.045,7.87,0.175,,,
1108,4/26/2017 3:00,8.02,7.845,0.175,,,
1109,4/26/2017 3:15,8.02,7.845,0.175,,,
1110,4/26/2017 3:30,7.995,7.845,0.15,,,
1111,4/26/2017 3:45,7.995,7.82,0.175,,,
1112,4/26/2017 4:00,7.995,7.82,0.175,,,
1113,4/26/2017 4:15,7.97,7.82,0.15,,,
1114,4/26/2017 4:30,7.97,7.795,0.175,,,
1115,4/26/2017 4:45,7.97,7.795,0.175,,,
1116,4/26/2017 5:00,7.97,7.795,0.175,,,
1117,4/26/2017 5:15,7.945,7.795,0.15,,,
1118,4/26/2017 5:30,7.945,7.795,0.15,,,
1119,4/26/2017 5:45,7.945,7.77,0.175,,,
1120,4/26/2017 6:00,7.945,7.795,0.15,,,
1121,4/26/2017 6:15,7.945,7.795,0.15,,,
1122,4/26/2017 6:30,7.945,7.795,0.15,,,
1123,4/26/2017 6:45,7.945,7.795,0.15,,,
1124,4/26/2017 7:00,7.945,7.795,0.15,,,
1125,4/26/2017 7:15,7.945,7.82,0.125,,,
1126,4/26/2017 7:30,7.97,7.82,0.15,,,
1127,4/26/2017 7:45,7.97,7.845,0.125,,,
1128,4/26/2017 8:00,7.995,7.87,0.125,,,
1129,4/26/2017 8:15,8.02,7.895,0.125,,,
1130,4/26/2017 8:30,8.045,7.92,0.125,,,
1131,4/26/2017 8:45,8.045,7.945,0.1,,,
1132,4/26/2017 9:00,8.07,7.97,0.1,,,
1133,4/26/2017 9:15,8.095,7.995,0.1,,,
1134,4/26/2017 9:30,8.12,8.02,0.1,,,
1135,4/26/2017 9:45,8.145,8.045,0.1,,,
1136,4/26/2017 10:00,8.17,8.095,0.075,,,
1137,4/26/2017 10:15,8.195,8.12,0.075,,,
1138,4/26/2017 10:30,8.245,8.17,0.075,,,
1139,4/26/2017 10:45,8.27,8.22,0.05,,,
1140,4/26/2017 11:00,8.295,8.245,0.05,,,
1141,4/26/2017 11:15,8.369,8.319,0.05,,,
1142,4/26/2017 11:30,8.394,8.344,0.05,,,
1143,4/26/2017 11:45,8.444,8.394,0.05,,,
1144,4/26/2017 12:00,8.469,8.444,0.025,,,
1145,4/26/2017 12:15,8.519,8.469,0.05,,,
1146,4/26/2017 12:30,8.543,8.494,0.049,,,
1147,4/26/2017 12:45,8.593,8.543,0.05,,,
1148,4/26/2017 13:00,8.593,8.568,0.025,,,
1149,4/26/2017 13:15,8.643,8.593,0.05,,,
1150,4/26/2017 13:30,8.668,8.643,0.025,,,
1151,4/26/2017 13:45,8.717,8.717,0,,,
1152,4/26/2017 14:00,8.792,8.792,0,,,
1153,4/26/2017 14:15,8.817,8.817,0,,,
1154,4/26/2017 14:30,8.866,8.866,0,,,
1155,4/26/2017 14:45,8.891,8.891,0,,,
1156,4/26/2017 15:00,8.941,8.941,0,,,
1157,4/26/2017 15:15,8.99,8.965,0.025,,,
1158,4/26/2017 15:30,9.015,8.99,0.025,,,
1159,4/26/2017 15:45,9.04,9.015,0.025,,,
1160,4/26/2017 16:00,9.04,9.04,0,,,
1161,4/26/2017 16:15,9.064,9.04,0.024,,,
1162,4/26/2017 16:30,9.089,9.089,0,,,
1163,4/26/2017 16:45,9.089,9.089,0,,,
1164,4/26/2017 17:00,9.139,9.114,0.025,,,
1165,4/26/2017 17:15,9.139,9.114,0.025,,,
1166,4/26/2017 17:30,9.139,9.114,0.025,,,
1167,4/26/2017 17:45,9.163,9.114,0.049,,,
1168,4/26/2017 18:00,9.139,9.114,0.025,,,
1169,4/26/2017 18:15,9.139,9.114,0.025,,,
1170,4/26/2017 18:30,9.139,9.089,0.05,,,
1171,4/26/2017 18:45,9.139,9.089,0.05,,,
1172,4/26/2017 19:00,9.139,9.089,0.05,,,
1173,4/26/2017 19:15,9.114,9.064,0.05,,,
1174,4/26/2017 19:30,9.114,9.064,0.05,,,
1175,4/26/2017 19:45,9.114,9.04,0.074,,,
1176,4/26/2017 20:00,9.114,9.04,0.074,,,
1177,4/26/2017 20:15,9.089,9.04,0.049,,,
1178,4/26/2017 20:30,9.089,9.04,0.049,,,
1179,4/26/2017 20:45,9.089,9.015,0.074,,,
1180,4/26/2017 21:00,9.064,9.015,0.049,,,
1181,4/26/2017 21:15,9.064,9.015,0.049,,,
1182,4/26/2017 21:30,9.089,9.015,0.074,,,
1183,4/26/2017 21:45,9.089,8.99,0.099,,,
1184,4/26/2017 22:00,9.064,8.99,0.074,,,
1185,4/26/2017 22:15,9.064,8.99,0.074,,,
1186,4/26/2017 22:30,9.04,8.99,0.05,,,
1187,4/26/2017 22:45,9.04,8.965,0.075,,,
1188,4/26/2017 23:00,9.04,8.965,0.075,,,
1189,4/26/2017 23:15,9.04,8.965,0.075,,,
1190,4/26/2017 23:30,9.015,8.941,0.074,,,
1191,4/26/2017 23:45,9.015,8.941,0.074,,,
1192,4/27/2017 0:00,9.015,8.941,0.074,,,
1193,4/27/2017 0:15,9.015,8.916,0.099,,,
1194,4/27/2017 0:30,8.99,8.916,0.074,,,
1195,4/27/2017 0:45,8.99,8.916,0.074,,,
1196,4/27/2017 1:00,8.99,8.916,0.074,,,
1197,4/27/2017 1:15,8.99,8.891,0.099,,,
1198,4/27/2017 1:30,8.965,8.891,0.074,,,
1199,4/27/2017 1:45,8.965,8.866,0.099,,,
1200,4/27/2017 2:00,8.941,8.866,0.075,,,
1201,4/27/2017 2:15,8.941,8.866,0.075,,,
1202,4/27/2017 2:30,8.941,8.841,0.1,,,
1203,4/27/2017 2:45,8.941,8.841,0.1,,,
1204,4/27/2017 3:00,8.916,8.841,0.075,,,
1205,4/27/2017 3:15,8.916,8.817,0.099,,,
1206,4/27/2017 3:30,8.916,8.817,0.099,,,
1207,4/27/2017 3:45,8.891,8.792,0.099,,,
1208,4/27/2017 4:00,8.891,8.792,0.099,,,
1209,4/27/2017 4:15,8.891,8.792,0.099,,,
1210,4/27/2017 4:30,8.891,8.792,0.099,,,
1211,4/27/2017 4:45,8.866,8.792,0.074,,,
1212,4/27/2017 5:00,8.866,8.767,0.099,,,
1213,4/27/2017 5:15,8.866,8.767,0.099,,,
1214,4/27/2017 5:30,8.866,8.767,0.099,,,
1215,4/27/2017 5:45,8.866,8.767,0.099,,,
1216,4/27/2017 6:00,8.841,8.767,0.074,,,
1217,4/27/2017 6:15,8.841,8.767,0.074,,,
1218,4/27/2017 6:30,8.866,8.767,0.099,,,
1219,4/27/2017 6:45,8.866,8.792,0.074,,,
1220,4/27/2017 7:00,8.891,8.817,0.074,,,
1221,4/27/2017 7:15,8.916,8.841,0.075,,,
1222,4/27/2017 7:30,8.916,8.891,0.025,,,
1223,4/27/2017 7:45,8.965,8.941,0.024,,,
1224,4/27/2017 8:00,8.99,8.965,0.025,,,
1225,4/27/2017 8:15,9.04,9.04,0,,,
1226,4/27/2017 8:30,9.089,9.089,0,,,
1227,4/27/2017 8:45,9.139,9.163,0.024,,,
1228,4/27/2017 9:00,9.213,9.238,0.025,,,
1229,4/27/2017 9:15,9.287,9.336,0.049,,,
1230,4/27/2017 9:30,9.361,9.41,0.049,,,
1231,4/27/2017 9:45,9.485,9.534,0.049,,,
1232,4/27/2017 10:00,9.534,9.583,0.049,,,
1233,4/27/2017 10:15,9.583,9.657,0.074,,,
1234,4/27/2017 10:30,9.657,9.731,0.074,,,
1235,4/27/2017 10:45,9.756,9.805,0.049,,,
1236,4/27/2017 11:00,9.756,9.829,0.073,,,
1237,4/27/2017 11:15,9.805,9.903,0.098,,,
1238,4/27/2017 11:30,9.879,9.952,0.073,,,
1239,4/27/2017 11:45,9.928,10.001,0.073,,,
1240,4/27/2017 12:00,9.952,10.026,0.074,,,
1241,4/27/2017 12:15,10.001,10.051,0.05,,,
1242,4/27/2017 12:30,10.026,10.1,0.074,,,
1243,4/27/2017 12:45,10.075,10.149,0.074,,,
1244,4/27/2017 13:00,10.149,10.247,0.098,,,
1245,4/27/2017 13:15,10.296,10.345,0.049,,,
1246,4/27/2017 13:30,10.32,10.394,0.074,,,
1247,4/27/2017 13:45,10.345,10.467,0.122,,,
1248,4/27/2017 14:00,10.443,10.541,0.098,,,
1249,4/27/2017 14:15,10.541,10.614,0.073,,,
1250,4/27/2017 14:30,10.59,10.687,0.097,,,
1251,4/27/2017 14:45,10.614,10.761,0.147,,,
1252,4/27/2017 15:00,10.712,10.785,0.073,,,
1253,4/27/2017 15:15,10.736,10.81,0.074,,,
1254,4/27/2017 15:30,10.761,10.834,0.073,,,
1255,4/27/2017 15:45,10.761,10.883,0.122,,,
1256,4/27/2017 16:00,10.81,10.883,0.073,,,
1257,4/27/2017 16:15,10.81,10.883,0.073,,,
1258,4/27/2017 16:30,10.81,10.858,0.048,,,
1259,4/27/2017 16:45,10.785,10.834,0.049,,,
1260,4/27/2017 17:00,10.761,10.81,0.049,,,
1261,4/27/2017 17:15,10.785,10.81,0.025,,,
1262,4/27/2017 17:30,10.761,10.785,0.024,,,
1263,4/27/2017 17:45,10.761,10.761,0,,,
1264,4/27/2017 18:00,10.736,10.736,0,,,
1265,4/27/2017 18:15,10.712,10.712,0,,,
1266,4/27/2017 18:30,10.687,10.687,0,,,
1267,4/27/2017 18:45,10.663,10.663,0,,,
1268,4/27/2017 19:00,10.663,10.638,0.025,,,
1269,4/27/2017 19:15,10.638,10.614,0.024,,,
1270,4/27/2017 19:30,10.614,10.59,0.024,,,
1271,4/27/2017 19:45,10.614,10.59,0.024,,,
1272,4/27/2017 20:00,10.59,10.565,0.025,,,
1273,4/27/2017 20:15,10.565,10.541,0.024,,,
1274,4/27/2017 20:30,10.565,10.541,0.024,,,
1275,4/27/2017 20:45,10.565,10.516,0.049,,,
1276,4/27/2017 21:00,10.541,10.516,0.025,,,
1277,4/27/2017 21:15,10.541,10.516,0.025,,,
1278,4/27/2017 21:30,10.516,10.516,0,,,
1279,4/27/2017 21:45,10.516,10.516,0,,,
1280,4/27/2017 22:00,10.516,10.516,0,,,
1281,4/27/2017 22:15,10.541,10.516,0.025,,,
1282,4/27/2017 22:30,10.541,10.516,0.025,,,
1283,4/27/2017 22:45,10.541,10.516,0.025,,,
1284,4/27/2017 23:00,10.541,10.516,0.025,,,
1285,4/27/2017 23:15,10.516,10.492,0.024,,,
1286,4/27/2017 23:30,10.516,10.492,0.024,,,
1287,4/27/2017 23:45,10.565,10.492,0.073,,,
1288,4/28/2017 0:00,10.565,10.467,0.098,,,
1289,4/28/2017 0:15,10.565,10.467,0.098,,,
1290,4/28/2017 0:30,10.565,10.467,0.098,,,
1291,4/28/2017 0:45,10.541,10.443,0.098,,,
1292,4/28/2017 1:00,10.516,10.418,0.098,,,
1293,4/28/2017 1:15,10.516,10.418,0.098,,,
1294,4/28/2017 1:30,10.492,10.394,0.098,,,
1295,4/28/2017 1:45,10.467,10.369,0.098,,,
1296,4/28/2017 2:00,10.467,10.345,0.122,,,
1297,4/28/2017 2:15,10.443,10.345,0.098,,,
1298,4/28/2017 2:30,10.418,10.32,0.098,,,
1299,4/28/2017 2:45,10.418,10.296,0.122,,,
1300,4/28/2017 3:00,10.394,10.271,0.123,,,
1301,4/28/2017 3:15,10.369,10.271,0.098,,,
1302,4/28/2017 3:30,10.369,10.247,0.122,,,
1303,4/28/2017 3:45,10.345,10.247,0.098,,,
1304,4/28/2017 4:00,10.345,10.222,0.123,,,
1305,4/28/2017 4:15,10.32,10.222,0.098,,,
1306,4/28/2017 4:30,10.32,10.198,0.122,,,
1307,4/28/2017 4:45,10.296,10.198,0.098,,,
1308,4/28/2017 5:00,10.296,10.173,0.123,,,
1309,4/28/2017 5:15,10.271,10.173,0.098,,,
1310,4/28/2017 5:30,10.271,10.173,0.098,,,
1311,4/28/2017 5:45,10.271,10.173,0.098,,,
1312,4/28/2017 6:00,10.271,10.173,0.098,,,
1313,4/28/2017 6:15,10.271,10.173,0.098,,,
1314,4/28/2017 6:30,10.271,10.173,0.098,,,
1315,4/28/2017 6:45,10.271,10.173,0.098,,,
1316,4/28/2017 7:00,10.271,10.173,0.098,,,
1317,4/28/2017 7:15,10.271,10.198,0.073,,,
1318,4/28/2017 7:30,10.271,10.198,0.073,,,
1319,4/28/2017 7:45,10.271,10.198,0.073,,,
1320,4/28/2017 8:00,10.271,10.198,0.073,,,
1321,4/28/2017 8:15,10.296,10.222,0.074,,,
1322,4/28/2017 8:30,10.345,10.271,0.074,,,
1323,4/28/2017 8:45,10.369,10.345,0.024,,,
1324,4/28/2017 9:00,10.418,10.394,0.024,,,
1325,4/28/2017 9:15,10.443,10.443,0,,,
1326,4/28/2017 9:30,10.541,10.565,0.024,,,
1327,4/28/2017 9:45,10.614,10.638,0.024,,,
1328,4/28/2017 10:00,10.761,10.81,0.049,,,
1329,4/28/2017 10:15,10.907,10.98,0.073,,,
1330,4/28/2017 10:30,11.053,11.127,0.074,,,
1331,4/28/2017 10:45,11.2,11.248,0.048,,,
1332,4/28/2017 11:00,11.321,11.394,0.073,,,
1333,4/28/2017 11:15,11.516,11.589,0.073,,,
1334,4/28/2017 11:30,11.734,11.832,0.098,,,
1335,4/28/2017 11:45,11.88,12.025,0.145,,,
1336,4/28/2017 12:00,12.074,12.268,0.194,,,
1337,4/28/2017 12:15,12.316,12.461,0.145,,,
1338,4/28/2017 12:30,12.534,12.654,0.12,,,
1339,4/28/2017 12:45,12.678,12.847,0.169,,,
1340,4/28/2017 13:00,12.775,13.04,0.265,,,
1341,4/28/2017 13:15,13.088,13.209,0.121,,,
1342,4/28/2017 13:30,13.137,13.305,0.168,,,
1343,4/28/2017 13:45,13.353,13.497,0.144,,,
1344,4/28/2017 14:00,13.473,13.618,0.145,,,
1345,4/28/2017 14:15,13.57,13.738,0.168,,,
1346,4/28/2017 14:30,13.69,13.81,0.12,,,
1347,4/28/2017 14:45,13.762,13.906,0.144,,,
1348,4/28/2017 15:00,13.834,13.93,0.096,,,
1349,4/28/2017 15:15,13.858,13.954,0.096,,,
1350,4/28/2017 15:30,13.834,13.978,0.144,,,
1351,4/28/2017 15:45,13.93,14.002,0.072,,,
1352,4/28/2017 16:00,13.906,13.978,0.072,,,
1353,4/28/2017 16:15,13.81,13.93,0.12,,,
1354,4/28/2017 16:30,13.81,13.882,0.072,,,
1355,4/28/2017 16:45,13.81,13.834,0.024,,,
1356,4/28/2017 17:00,13.738,13.762,0.024,,,
1357,4/28/2017 17:15,13.642,13.69,0.048,,,
1358,4/28/2017 17:30,13.57,13.594,0.024,,,
1359,4/28/2017 17:45,13.497,13.522,0.025,,,
1360,4/28/2017 18:00,13.401,13.425,0.024,,,
1361,4/28/2017 18:15,13.377,13.329,0.048,,,
1362,4/28/2017 18:30,13.281,13.257,0.024,,,
1363,4/28/2017 18:45,13.209,13.161,0.048,,,
1364,4/28/2017 19:00,13.112,13.064,0.048,,,
1365,4/28/2017 19:15,13.016,12.968,0.048,,,
1366,4/28/2017 19:30,12.92,12.896,0.024,,,
1367,4/28/2017 19:45,12.847,12.799,0.048,,,
1368,4/28/2017 20:00,12.775,12.727,0.048,,,
1369,4/28/2017 20:15,12.703,12.63,0.073,,,
1370,4/28/2017 20:30,12.63,12.558,0.072,,,
1371,4/28/2017 20:45,12.558,12.485,0.073,,,
1372,4/28/2017 21:00,12.485,12.413,0.072,,,
1373,4/28/2017 21:15,12.413,12.34,0.073,,,
1374,4/28/2017 21:30,12.34,12.268,0.072,,,
1375,4/28/2017 21:45,12.292,12.219,0.073,,,
1376,4/28/2017 22:00,12.243,12.171,0.072,,,
1377,4/28/2017 22:15,12.195,12.122,0.073,,,
1378,4/28/2017 22:30,12.122,12.05,0.072,,,
1379,4/28/2017 22:45,12.074,12.001,0.073,,,
1380,4/28/2017 23:00,12.025,11.929,0.096,,,
1381,4/28/2017 23:15,11.977,11.88,0.097,,,
1382,4/28/2017 23:30,11.929,11.832,0.097,,,
1383,4/28/2017 23:45,11.88,11.783,0.097,,,
1384,4/29/2017 0:00,11.832,11.734,0.098,,,
1385,4/29/2017 0:15,11.807,11.686,0.121,,,
1386,4/29/2017 0:30,11.759,11.662,0.097,,,
1387,4/29/2017 0:45,11.734,11.613,0.121,,,
1388,4/29/2017 1:00,11.686,11.589,0.097,,,
1389,4/29/2017 1:15,11.662,11.54,0.122,,,
1390,4/29/2017 1:30,11.613,11.516,0.097,,,
1391,4/29/2017 1:45,11.589,11.492,0.097,,,
1392,4/29/2017 2:00,11.565,11.467,0.098,,,
1393,4/29/2017 2:15,11.54,11.419,0.121,,,
1394,4/29/2017 2:30,11.516,11.394,0.122,,,
1395,4/29/2017 2:45,11.492,11.37,0.122,,,
1396,4/29/2017 3:00,11.443,11.346,0.097,,,
1397,4/29/2017 3:15,11.443,11.321,0.122,,,
1398,4/29/2017 3:30,11.394,11.297,0.097,,,
1399,4/29/2017 3:45,11.37,11.273,0.097,,,
1400,4/29/2017 4:00,11.346,11.248,0.098,,,
1401,4/29/2017 4:15,11.346,11.224,0.122,,,
1402,4/29/2017 4:30,11.321,11.2,0.121,,,
1403,4/29/2017 4:45,11.297,11.175,0.122,,,
1404,4/29/2017 5:00,11.273,11.151,0.122,,,
1405,4/29/2017 5:15,11.248,11.151,0.097,,,
1406,4/29/2017 5:30,11.224,11.127,0.097,,,
1407,4/29/2017 5:45,11.2,11.102,0.098,,,
1408,4/29/2017 6:00,11.2,11.078,0.122,,,
1409,4/29/2017 6:15,11.2,11.078,0.122,,,
1410,4/29/2017 6:30,11.175,11.078,0.097,,,
1411,4/29/2017 6:45,11.175,11.078,0.097,,,
1412,4/29/2017 7:00,11.175,11.102,0.073,,,
1413,4/29/2017 7:15,11.175,11.102,0.073,,,
1414,4/29/2017 7:30,11.175,11.102,0.073,,,
1415,4/29/2017 7:45,11.175,11.127,0.048,,,
1416,4/29/2017 8:00,11.2,11.2,0,,,
1417,4/29/2017 8:15,11.248,11.273,0.025,,,
1418,4/29/2017 8:30,11.297,11.321,0.024,,,
1419,4/29/2017 8:45,11.321,11.394,0.073,,,
1420,4/29/2017 9:00,11.419,11.492,0.073,,,
1421,4/29/2017 9:15,11.467,11.565,0.098,,,
1422,4/29/2017 9:30,11.565,11.662,0.097,,,
1423,4/29/2017 9:45,11.613,11.783,0.17,,,
1424,4/29/2017 10:00,11.734,11.856,0.122,,,
1425,4/29/2017 10:15,11.807,11.977,0.17,,,
1426,4/29/2017 10:30,11.953,12.098,0.145,,,
1427,4/29/2017 10:45,12.025,12.268,0.243,,,
1428,4/29/2017 11:00,12.171,12.389,0.218,,,
1429,4/29/2017 11:15,12.292,12.485,0.193,,,
1430,4/29/2017 11:30,12.34,12.534,0.194,,,
1431,4/29/2017 11:45,12.413,12.582,0.169,,,
1432,4/29/2017 12:00,12.389,12.606,0.217,,,
1433,4/29/2017 12:15,12.413,12.654,0.241,,,
1434,4/29/2017 12:30,12.485,12.727,0.242,,,
1435,4/29/2017 12:45,12.63,12.799,0.169,,,
1436,4/29/2017 13:00,12.703,12.847,0.144,,,
1437,4/29/2017 13:15,12.654,12.871,0.217,,,
1438,4/29/2017 13:30,12.654,12.92,0.266,,,
1439,4/29/2017 13:45,12.751,13.016,0.265,,,
1440,4/29/2017 14:00,12.823,13.161,0.338,,,
1441,4/29/2017 14:15,12.992,13.257,0.265,,,
1442,4/29/2017 14:30,13.064,13.377,0.313,,,
1443,4/29/2017 14:45,13.209,13.449,0.24,,,
1444,4/29/2017 15:00,13.185,13.473,0.288,,,
1445,4/29/2017 15:15,13.233,13.546,0.313,,,
1446,4/29/2017 15:30,13.281,13.57,0.289,,,
1447,4/29/2017 15:45,13.353,13.594,0.241,,,
1448,4/29/2017 16:00,13.353,13.546,0.193,,,
1449,4/29/2017 16:15,13.377,13.497,0.12,,,
1450,4/29/2017 16:30,13.329,13.449,0.12,,,
1451,4/29/2017 16:45,13.281,13.425,0.144,,,
1452,4/29/2017 17:00,13.233,13.377,0.144,,,
1453,4/29/2017 17:15,13.209,13.329,0.12,,,
1454,4/29/2017 17:30,13.185,13.281,0.096,,,
1455,4/29/2017 17:45,13.137,13.233,0.096,,,
1456,4/29/2017 18:00,13.04,13.161,0.121,,,
1457,4/29/2017 18:15,12.992,13.112,0.12,,,
1458,4/29/2017 18:30,12.968,13.04,0.072,,,
1459,4/29/2017 18:45,12.92,12.992,0.072,,,
1460,4/29/2017 19:00,12.847,12.92,0.073,,,
1461,4/29/2017 19:15,12.823,12.847,0.024,,,
1462,4/29/2017 19:30,12.751,12.799,0.048,,,
1463,4/29/2017 19:45,12.703,12.727,0.024,,,
1464,4/29/2017 20:00,12.654,12.654,0,,,
1465,4/29/2017 20:15,12.606,12.606,0,,,
1466,4/29/2017 20:30,12.558,12.509,0.049,,,
1467,4/29/2017 20:45,12.485,12.437,0.048,,,
1468,4/29/2017 21:00,12.437,12.364,0.073,,,
1469,4/29/2017 21:15,12.389,12.292,0.097,,,
1470,4/29/2017 21:30,12.316,12.219,0.097,,,
1471,4/29/2017 21:45,12.268,12.147,0.121,,,
1472,4/29/2017 22:00,12.195,12.074,0.121,,,
1473,4/29/2017 22:15,12.147,12.001,0.146,,,
1474,4/29/2017 22:30,12.098,11.929,0.169,,,
1475,4/29/2017 22:45,12.025,11.856,0.169,,,
1476,4/29/2017 23:00,11.977,11.783,0.194,,,
1477,4/29/2017 23:15,11.929,11.734,0.195,,,
1478,4/29/2017 23:30,11.856,11.637,0.219,,,
1479,4/29/2017 23:45,11.807,11.565,0.242,,,
1480,4/30/2017 0:00,11.759,11.516,0.243,,,
1481,4/30/2017 0:15,11.686,11.443,0.243,,,
1482,4/30/2017 0:30,11.637,11.37,0.267,,,
1483,4/30/2017 0:45,11.589,11.321,0.268,,,
1484,4/30/2017 1:00,11.54,11.248,0.292,,,
1485,4/30/2017 1:15,11.492,11.175,0.317,,,
1486,4/30/2017 1:30,11.419,11.102,0.317,,,
1487,4/30/2017 1:45,11.37,11.029,0.341,,,
1488,4/30/2017 2:00,11.321,10.956,0.365,,,
1489,4/30/2017 2:15,11.248,10.858,0.39,,,
1490,4/30/2017 2:30,11.2,10.785,0.415,,,
1491,4/30/2017 2:45,11.151,10.736,0.415,,,
1492,4/30/2017 3:00,11.102,10.638,0.464,,,
1493,4/30/2017 3:15,11.053,10.59,0.463,,,
1494,4/30/2017 3:30,10.98,10.467,0.513,,,
1495,4/30/2017 3:45,10.907,10.394,0.513,,,
1496,4/30/2017 4:00,10.858,10.32,0.538,,,
1497,4/30/2017 4:15,10.81,10.247,0.563,,,
1498,4/30/2017 4:30,10.736,10.149,0.587,,,
1499,4/30/2017 4:45,10.663,10.075,0.588,,,
1500,4/30/2017 5:00,10.614,10.001,0.613,,,
1501,4/30/2017 5:15,10.541,9.928,0.613,,,
1502,4/30/2017 5:30,10.492,9.854,0.638,,,
1503,4/30/2017 5:45,10.418,9.78,0.638,,,
1504,4/30/2017 6:00,10.369,9.682,0.687,,,
1505,4/30/2017 6:15,10.32,9.608,0.712,,,
1506,4/30/2017 6:30,10.247,9.558,0.689,,,
1507,4/30/2017 6:45,10.198,9.534,0.664,,,
1508,4/30/2017 7:00,10.149,9.46,0.689,,,
1509,4/30/2017 7:15,10.1,9.41,0.69,,,
1510,4/30/2017 7:30,10.051,9.361,0.69,,,
1511,4/30/2017 7:45,10.026,9.336,0.69,,,
1512,4/30/2017 8:00,9.977,9.336,0.641,,,
1513,4/30/2017 8:15,9.952,9.336,0.616,,,
1514,4/30/2017 8:30,9.903,9.336,0.567,,,
1515,4/30/2017 8:45,9.903,9.361,0.542,,,
1516,4/30/2017 9:00,9.879,9.386,0.493,,,
1517,4/30/2017 9:15,9.879,9.41,0.469,,,
1518,4/30/2017 9:30,9.879,9.46,0.419,,,
1519,4/30/2017 9:45,9.879,,,,,
1520,4/30/2017 9:47,,,Logged,,,
1521,4/30/2017 9:47,,,,Logged,Logged,
