year,yday,dayl (s),prcp (mm/day),srad (W/m^2),swe (kg/m^2),tmax (deg c),tmin (deg c),vp (Pa)
2012,1,32141,2,144,40,5,-1,560
2012,2,32141,5,156.8,40,8.5,-1.5,560
2012,3,32486,0,214.4,40,2,-8,320
2012,4,32486,0,204.8,40,-6,-15,200
2012,5,32486,0,211.2,40,-4,-13.5,200
2012,6,32486,0,204.8,40,3,-6,400
2012,7,32486,0,243.2,40,8.5,-4.5,440
2012,8,32486,0,249.6,40,9,-4.5,440
2012,9,32832,0,233.6,40,3.5,-7.5,360
2012,10,32832,0,227.2,40,3.5,-7,360
2012,11,32832,0,230.4,40,4.5,-6,400
2012,12,32832,10,144,36,4,-4,440
2012,13,33178,18,70.4,36,2,-1.5,560
2012,14,33178,4,160,40,2.5,-6.5,360
2012,15,33178,0,265.6,40,-4.5,-17.5,160
2012,16,33178,0,243.2,40,-8.5,-19,120
2012,17,33523,3,214.4,44,1,-15,200
2012,18,33523,2,227.2,40,6.5,-3,480
2012,19,33523,0,288,40,0,-15,200
2012,20,33523,4,195.2,44,-3,-14,200
2012,21,33869,1,195.2,48,-5,-12,240
2012,22,33869,3,204.8,48,-5.5,-17,160
2012,23,33869,0,288,48,-1,-14,200
2012,24,34214,8,163.2,48,5,-3,480
2012,25,34214,0,214.4,44,8,0,600
2012,26,34214,0,121.6,44,2,-2,520
2012,27,34560,24,121.6,44,3.5,-2,520
2012,28,34560,10,112,40,4.5,-0.5,600
2012,29,34906,0,224,40,5.5,-2.5,520
2012,30,34906,0,230.4,40,3.5,-4.5,440
2012,31,34906,0,249.6,40,3,-6,400
2012,32,35251,0,291.2,36,9.5,-2.5,520
2012,33,35251,0,284.8,36,10.5,-1,560
2012,34,35597,0,294.4,36,5,-6.5,360
2012,35,35597,0,265.6,36,3,-6.5,360
2012,36,35597,0,310.4,36,3.5,-9,320
2012,37,35942,0,304,36,3.5,-8,320
2012,38,35942,0,326.4,36,8.5,-5,440
2012,39,36288,0,336,36,5,-9,320
2012,40,36288,0,304,36,3,-8,320
2012,41,36288,0,336,36,6,-7.5,360
2012,42,36634,0,332.8,36,6,-7,360
2012,43,36634,0,345.6,36,1.5,-12.5,240
2012,44,36979,0,262.4,36,-3,-11.5,240
2012,45,36979,0,313.6,36,3.5,-7.5,360
2012,46,37325,0,275.2,32,5,-4,440
2012,47,37325,0,336,32,6.5,-5.5,400
2012,48,37670,3,220.8,32,5.5,-4,440
2012,49,37670,0,300.8,32,7,-2.5,520
2012,50,38016,0,304,32,5.5,-4,440
2012,51,38016,0,336,32,4.5,-6.5,360
2012,52,38016,0,371.2,32,3.5,-9.5,280
2012,53,38362,1,371.2,32,6,-7,360
2012,54,38362,0,336,28,11,0,600
2012,55,38707,0,300.8,28,7,-2,520
2012,56,38707,17,140.8,24,3.5,-1.5,560
2012,57,39053,0,307.2,24,2.5,-6.5,360
2012,58,39053,0,377.6,24,3.5,-9,320
2012,59,39398,0,400,24,7.5,-7,360
2012,60,39398,0,265.6,24,5,-2.5,520
2012,61,39744,23,102.4,20,1,-2.5,520
2012,62,39744,9,160,20,0,-5.5,400
2012,63,40090,9,176,20,1.5,-4.5,440
2012,64,40090,3,246.4,20,5,-4,440
2012,65,40435,0,371.2,20,3.5,-7,360
2012,66,40435,0,425.6,20,1,-12.5,240
2012,67,40781,0,448,20,6,-9.5,280
2012,68,40781,0,448,20,15.5,-1,560
2012,69,41126,0,457.6,16,17.5,-0.5,600
2012,70,41126,0,352,16,5,-4.5,440
2012,71,41472,0,409.6,16,6.5,-5.5,400
2012,72,41472,0,476.8,12,16,-3,480
2012,73,41818,2,480,12,20.5,0,600
2012,74,41818,2,451.2,8,19.5,3,760
2012,75,42163,0,438.4,4,15,0.5,640
2012,76,42163,0,300.8,0,10.5,2.5,720
2012,77,42509,2,217.6,0,9,3,760
2012,78,42509,0,406.4,0,16,1,640
2012,79,42854,0,438.4,0,23,2.5,720
2012,80,42854,0,435.2,0,25.5,5,880
2012,81,43200,0,428.8,0,25.5,6,920
2012,82,43546,0,403.2,0,25,8.5,1120
2012,83,43546,0,396.8,0,26,10,1240
2012,84,43891,0,364.8,0,21.5,8.5,1120
2012,85,43891,1,275.2,0,14,5.5,920
2012,86,44237,0,252.8,0,9.5,2,720
2012,87,44237,0,400,0,8,-5.5,400
2012,88,44582,0,371.2,0,8.5,-3.5,480
2012,89,44582,2,300.8,0,11,2,720
2012,90,44928,0,291.2,0,8,-0.5,600
2012,91,44928,0,329.6,0,10,0,600
2012,92,45274,0,329.6,0,8.5,-1.5,560
2012,93,45274,3,236.8,0,9.5,0,600
2012,94,45619,0,441.6,0,11.5,-4.5,440
2012,95,45619,0,451.2,0,14.5,-2.5,520
2012,96,45965,0,432,0,14,-1.5,560
2012,97,45965,0,406.4,0,9.5,-4,440
2012,98,46310,0,441.6,0,11.5,-4,440
2012,99,46310,0,412.8,0,12.5,-1,560
2012,100,46656,0,342.4,0,13,2.5,720
2012,101,46656,0,358.4,0,12.5,1.5,680
2012,102,47002,0,419.2,0,13.5,0,600
2012,103,47002,0,384,0,12.5,1,640
2012,104,47347,0,467.2,0,14.5,-1.5,520
2012,105,47347,0,489.6,0,18,0,520
2012,106,47693,0,480,0,22,4,680
2012,107,47693,0,438.4,0,25,9.5,1040
2012,108,48038,0,470.4,0,30,11.5,1080
2012,109,48038,0,483.2,0,21.5,3.5,640
2012,110,48384,0,473.6,0,17,0.5,560
2012,111,48384,0,505.6,0,23,3.5,600
2012,112,48384,0,467.2,0,24.5,8,840
2012,113,48730,5,326.4,0,21,6.5,920
2012,114,48730,51,195.2,0,11.5,4.5,840
2012,115,49075,3,291.2,0,15,3.5,800
2012,116,49075,1,403.2,0,12,0,600
2012,117,49421,0,470.4,0,13.5,-2,520
2012,118,49421,3,316.8,0,13.5,0.5,640
2012,119,49766,0,339.2,0,9.5,0,600
2012,120,49766,0,473.6,0,13,-2.5,480
2012,121,50112,0,492.8,0,14.5,-2.5,480
2012,122,50112,6,320,0,15.5,2,720
2012,123,50112,8,115.2,0,10,6,920
2012,124,50458,6,140.8,0,11.5,6.5,960
2012,125,50458,2,192,0,13.5,8.5,1120
2012,126,50803,0,400,0,22,10,1160
2012,127,50803,0,419.2,0,20,7.5,1000
2012,128,50803,0,496,0,21,4.5,760
2012,129,51149,13,342.4,0,21.5,7,1000
2012,130,51149,13,147.2,0,14.5,9.5,1200
2012,131,51494,19,211.2,0,17.5,10,1240
2012,132,51494,1,400,0,16,5,880
2012,133,51494,0,518.4,0,19.5,2,680
2012,134,51840,0,534.4,0,26,5.5,840
2012,135,51840,1,460.8,0,26.5,11.5,1320
2012,136,52186,12,198.4,0,21,14,1600
2012,137,52186,8,176,0,20,14,1600
2012,138,52186,11,374.4,0,22.5,6.5,960
2012,139,52531,0,508.8,0,20,4,800
2012,140,52531,0,531.2,0,24,5.5,880
2012,141,52531,0,521.6,0,27.5,9,1120
2012,142,52877,0,524.8,0,27,8.5,1080
2012,143,52877,6,208,0,20.5,13.5,1560
2012,144,52877,4,208,0,21,14,1600
2012,145,52877,2,368,0,25,15,1720
2012,146,53222,4,230.4,0,24,16,1800
2012,147,53222,0,345.6,0,24.5,15.5,1760
2012,148,53222,0,496,0,28,12,1360
2012,149,53222,0,457.6,0,28.5,14.5,1640
2012,150,53568,0,428.8,0,30.5,17.5,2000
2012,151,53568,24,329.6,0,31,17.5,2000
2012,152,53568,6,339.2,0,25.5,12.5,1440
2012,153,53568,0,483.2,0,24,9.5,1160
2012,154,53914,26,294.4,0,21,10.5,1280
2012,155,53914,21,201.6,0,16,9.5,1200
2012,156,53914,10,297.6,0,20,9.5,1200
2012,157,53914,5,220.8,0,15,8,1080
2012,158,53914,2,352,0,16.5,8,1080
2012,159,53914,3,336,0,19.5,7.5,1040
2012,160,54259,2,480,0,22.5,8.5,1120
2012,161,54259,2,467.2,0,25,11,1320
2012,162,54259,0,412.8,0,24,12.5,1440
2012,163,54259,0,451.2,0,27,13.5,1560
2012,164,54259,0,384,0,23.5,13.5,1560
2012,165,54259,20,217.6,0,22,15,1720
2012,166,54259,3,326.4,0,24,12,1400
2012,167,54259,0,492.8,0,25,10,1240
2012,168,54259,0,505.6,0,25.5,9.5,1200
2012,169,54259,0,489.6,0,25.5,10.5,1280
2012,170,54259,0,441.6,0,23,11,1320
2012,171,54259,0,422.4,0,22.5,11.5,1360
2012,172,54259,0,425.6,0,26,14.5,1640
2012,173,54259,0,467.2,0,34,18.5,2120
2012,174,54259,0,448,0,33.5,19,2200
2012,175,54259,0,438.4,0,31,17.5,2000
2012,176,54259,5,377.6,0,29,12,1400
2012,177,54259,0,451.2,0,26.5,13,1480
2012,178,54259,15,297.6,0,21.5,11,1320
2012,179,54259,2,320,0,20.5,12.5,1440
2012,180,54259,0,451.2,0,25,12,1400
2012,181,54259,0,480,0,29.5,14,1600
2012,182,54259,0,508.8,0,32.5,14,1600
2012,183,54259,0,464,0,31,16,1800
2012,184,54259,0,460.8,0,30.5,15.5,1760
2012,185,54259,0,460.8,0,28,13.5,1560
2012,186,53914,6,313.6,0,29.5,16.5,1880
2012,187,53914,0,400,0,30.5,18,2080
2012,188,53914,0,448,0,28.5,14,1600
2012,189,53914,0,425.6,0,31,17,1920
2012,190,53914,0,416,0,28.5,15.5,1760
2012,191,53568,0,492.8,0,29.5,12,1400
2012,192,53568,0,496,0,28,10.5,1280
2012,193,53568,0,483.2,0,29,12,1400
2012,194,53568,0,457.6,0,30.5,14.5,1640
2012,195,53568,0,454.4,0,32,15.5,1760
2012,196,53222,0,396.8,0,31.5,18,2080
2012,197,53222,0,416,0,31.5,17,1920
2012,198,53222,3,265.6,0,30,18.5,2120
2012,199,53222,0,384,0,32,19,2200
2012,200,52877,0,384,0,34,20.5,2400
2012,201,52877,0,396.8,0,31.5,18,2080
2012,202,52877,0,374.4,0,27.5,15.5,1760
2012,203,52531,0,380.8,0,22.5,11,1320
2012,204,52531,0,467.2,0,28.5,12,1400
2012,205,52531,3,316.8,0,30,15.5,1760
2012,206,52186,12,291.2,0,30,17,1920
2012,207,52186,3,355.2,0,30,12.5,1440
2012,208,52186,0,371.2,0,27.5,15.5,1760
2012,209,51840,2,352,0,29,17.5,2000
2012,210,51840,2,262.4,0,26,18,2080
2012,211,51840,22,166.4,0,24,17.5,2000
2012,212,51494,1,352,0,24.5,14,1600
2012,213,51494,0,406.4,0,27.5,14.5,1640
2012,214,51149,0,361.6,0,26.5,15.5,1760
2012,215,51149,0,374.4,0,29.5,17.5,2000
2012,216,51149,0,419.2,0,31.5,17,1920
2012,217,50803,0,400,0,33,19,2200
2012,218,50803,0,380.8,0,32.5,19.5,2280
2012,219,50458,16,291.2,0,30.5,17.5,2000
2012,220,50458,0,419.2,0,26,12.5,1440
2012,221,50458,0,448,0,28.5,13,1480
2012,222,50112,0,438.4,0,30.5,15,1720
2012,223,50112,13,249.6,0,29.5,19,2200
2012,224,49766,43,195.2,0,25.5,18,2080
2012,225,49766,14,230.4,0,27.5,18.5,2120
2012,226,49421,0,416,0,29,15.5,1760
2012,227,49421,0,400,0,27.5,15,1720
2012,228,49421,21,246.4,0,26,16.5,1880
2012,229,49075,6,252.8,0,27,17,1920
2012,230,49075,0,428.8,0,28,14,1600
2012,231,48730,6,323.2,0,28.5,14,1600
2012,232,48730,0,444.8,0,24.5,10,1240
2012,233,48384,0,435.2,0,24,10,1240
2012,234,48384,0,419.2,0,25.5,12,1400
2012,235,48038,0,457.6,0,26.5,10.5,1280
2012,236,48038,0,451.2,0,27.5,11.5,1360
2012,237,47693,0,435.2,0,29,13.5,1560
2012,238,47693,0,416,0,29,14.5,1640
2012,239,47347,0,422.4,0,28.5,13.5,1560
2012,240,47347,0,428.8,0,28,12.5,1440
2012,241,47002,10,297.6,0,28,14,1600
2012,242,47002,6,329.6,0,27.5,10.5,1280
2012,243,46656,0,435.2,0,24,8,1080
2012,244,46656,0,444.8,0,26.5,9,1160
2012,245,46310,0,406.4,0,30,14,1600
2012,246,46310,0,368,0,28.5,15,1720
2012,247,45965,0,406.4,0,26.5,11,1320
2012,248,45965,0,352,0,25,12.5,1440
2012,249,45619,41,172.8,0,23.5,16,1800
2012,250,45619,0,316.8,0,26.5,15.5,1760
2012,251,45274,0,294.4,0,26,16,1800
2012,252,45274,0,310.4,0,28.5,17.5,2000
2012,253,44928,26,275.2,0,26,12.5,1440
2012,254,44928,0,364.8,0,22.5,9.5,1200
2012,255,44582,0,393.6,0,19.5,5,880
2012,256,44582,0,428.8,0,23,5,880
2012,257,44237,0,422.4,0,25.5,7,1000
2012,258,44237,0,403.2,0,27,9.5,1200
2012,259,43891,4,268.8,0,25.5,11,1320
2012,260,43891,0,368,0,20.5,6,920
2012,261,43546,0,387.2,0,21,5,880
2012,262,43546,0,396.8,0,24,6.5,960
2012,263,43200,59,201.6,0,21,11,1320
2012,264,43200,0,364.8,0,19.5,4.5,840
2012,265,42854,0,348.8,0,19.5,5.5,920
2012,266,42854,0,326.4,0,21,8,1080
2012,267,42509,15,236.8,0,21.5,9,1160
2012,268,42509,0,361.6,0,18,3,760
2012,269,42163,0,364.8,0,17.5,2,720
2012,270,42163,1,364.8,0,20.5,4.5,840
2012,271,41818,0,233.6,0,20.5,11.5,1360
2012,272,41818,6,211.2,0,18.5,7.5,1040
2012,273,41472,33,70.4,0,12,9,1160
2012,274,41472,2,131.2,0,14.5,10,1240
2012,275,41126,10,179.2,0,16.5,8,1080
2012,276,41126,0,214.4,0,17,9.5,1200
2012,277,40781,6,121.6,0,17,11.5,1360
2012,278,40781,4,89.6,0,18,14,1600
2012,279,40435,5,176,0,19.5,11,1320
2012,280,40435,0,320,0,24,10.5,1280
2012,281,40090,3,275.2,0,21.5,3.5,800
2012,282,40090,3,185.6,0,12,3,760
2012,283,39744,0,236.8,0,12,3.5,800
2012,284,39744,1,160,0,12,6.5,960
2012,285,39398,5,195.2,0,13.5,4,800
2012,286,39398,0,300.8,0,12.5,1,640
2012,287,39053,1,348.8,0,11,-4.5,440
2012,288,39053,4,252.8,0,12,-2.5,520
2012,289,38707,4,188.8,0,17.5,8,1080
2012,290,38707,9,233.6,0,19,5.5,920
2012,291,38362,0,307.2,0,11.5,-1,560
2012,292,38362,0,339.2,0,16,-0.5,600
2012,293,38016,6,240,0,17.5,2.5,720
2012,294,38016,37,156.8,0,18.5,10.5,1280
2012,295,37670,0,326.4,0,21,3.5,800
2012,296,37670,0,265.6,0,15.5,4.5,840
2012,297,37325,0,281.6,0,16.5,4,800
2012,298,37325,0,256,0,15,4.5,840
2012,299,36979,0,179.2,0,12,5.5,920
2012,300,36979,0,220.8,0,15,6.5,960
2012,301,36979,0,233.6,0,18,8.5,1120
2012,302,36634,0,137.6,0,14,9,1160
2012,303,36634,0,112,0,13,9,1160
2012,304,36288,20,118.4,0,16.5,10.5,1280
2012,305,36288,6,140.8,0,16.5,9,1160
2012,306,35942,0,147.2,0,10.5,5,880
2012,307,35942,0,147.2,0,10,4.5,840
2012,308,35942,0,156.8,0,9.5,3.5,800
2012,309,35597,0,227.2,0,8.5,-1,560
2012,310,35597,0,227.2,0,7.5,-2,520
2012,311,35251,0,262.4,0,4,-8,320
2012,312,35251,0,246.4,0,4,-7,360
2012,313,35251,0,108.8,0,2.5,-1.5,560
2012,314,34906,0,166.4,0,5.5,-1,560
2012,315,34906,0,240,0,10.5,-1,560
2012,316,34560,0,233.6,0,13,1.5,680
2012,317,34560,0,252.8,0,17,2.5,720
2012,318,34560,4,182.4,0,17,3.5,800
2012,319,34214,4,172.8,0,8.5,-3,480
2012,320,34214,0,227.2,0,6.5,-4.5,440
2012,321,34214,0,208,0,5.5,-4,440
2012,322,33869,0,220.8,0,6.5,-4,440
2012,323,33869,0,249.6,0,8.5,-6,400
2012,324,33869,0,243.2,0,8,-6,400
2012,325,33523,0,240,0,8,-5.5,400
2012,326,33523,0,236.8,0,9,-4.5,440
2012,327,33523,0,233.6,0,10,-4,440
2012,328,33178,0,240,0,12,-4,440
2012,329,33178,0,227.2,0,12,-2,520
2012,330,33178,0,150.4,0,4,-3,480
2012,331,33178,0,121.6,0,2,-3.5,480
2012,332,32832,0,185.6,0,5,-4.5,440
2012,333,32832,2,108.8,0,1.5,-3.5,480
2012,334,32832,0,160,0,3.5,-4.5,440
2012,335,32832,0,150.4,0,4.5,-3,480
2012,336,32832,1,134.4,0,1.5,-5,440
2012,337,32486,2,105.6,0,1,-4,440
2012,338,32486,4,124.8,0,8.5,-0.5,600
2012,339,32486,0,208,0,11.5,-2,520
2012,340,32486,2,192,0,12.5,0.5,640
2012,341,32486,0,208,0,9,-5,440
2012,342,32141,0,182.4,0,3.5,-7,360
2012,343,32141,8,112,0,3.5,-4.5,440
2012,344,32141,4,80,0,6,0.5,640
2012,345,32141,11,80,0,6.5,1,640
2012,346,32141,2,137.6,0,9.5,2,720
2012,347,32141,0,176,0,4.5,-5.5,400
2012,348,32141,0,182.4,0,3.5,-7,360
2012,349,32141,0,195.2,0,5,-7,360
2012,350,32141,0,201.6,0,6.5,-6.5,360
2012,351,32141,0,163.2,0,4.5,-4.5,440
2012,352,32141,10,35.2,0,0,-2,520
2012,353,32141,21,64,0,3,-1,560
2012,354,32141,4,57.6,0,5,1.5,680
2012,355,32141,0,166.4,0,5,-3.5,480
2012,356,32141,15,124.8,0,5.5,-3,480
2012,357,32141,24,144,0,9.5,-1.5,560
2012,358,32141,0,96,0,0.5,-3.5,480
2012,359,32141,0,137.6,0,2,-4,440
2012,360,32141,4,105.6,0,1.5,-4.5,440
2012,361,32141,0,195.2,0,0.5,-9.5,280
2012,362,32141,24,147.2,24,0,-8,320
2012,363,32141,12,128,36,0.5,-6,400
2012,364,32141,0,198.4,36,-0.5,-8.5,320
2012,365,32141,8,105.6,44,-2,-7,360
2013,1,32141,0,169.6,24,1,-7,360
2013,2,32141,0,249.6,24,-0.5,-16,160
2013,3,32486,0,252.8,24,-4,-20,120
2013,4,32486,0,246.4,24,-4,-18.5,160
2013,5,32486,0,201.6,24,2.5,-7.5,360
2013,6,32486,1,217.6,24,3,-8,320
2013,7,32486,0,211.2,24,3.5,-7,360
2013,8,32486,0,249.6,24,2,-12.5,240
2013,9,32832,0,262.4,24,6,-11,280
2013,10,32832,0,252.8,24,6,-8.5,320
2013,11,32832,0,236.8,24,5,-7.5,360
2013,12,32832,5,115.2,24,2,-4.5,440
2013,13,33178,1,108.8,20,5,0.5,640
2013,14,33178,1,140.8,16,7,1,640
2013,15,33178,0,236.8,16,9,-3,480
2013,16,33178,7,92.8,16,2,-3,480
2013,17,33523,3,92.8,12,0.5,-4.5,440
2013,18,33523,0,256,12,2,-11,280
2013,19,33523,0,240,12,-1,-12,240
2013,20,33523,0,214.4,12,6,-3.5,480
2013,21,33869,0,281.6,12,6,-10,280
2013,22,33869,1,179.2,12,-4.5,-11.5,240
2013,23,33869,0,220.8,12,-8,-17,160
2013,24,34214,0,240,12,-11.5,-21.5,120
2013,25,34214,0,256,12,-9,-20,120
2013,26,34214,1,243.2,16,-7,-17,160
2013,27,34560,0,246.4,16,-6,-16,160
2013,28,34560,0,268.8,16,-3,-14.5,200
2013,29,34906,4,134.4,20,-2.5,-9,320
2013,30,34906,6,134.4,16,3,-3.5,480
2013,31,34906,24,217.6,16,14,0,600
2013,32,35251,6,236.8,20,10.5,-6,400
2013,33,35251,0,252.8,20,-2.5,-12,240
2013,34,35597,0,256,20,-2.5,-12,240
2013,35,35597,0,230.4,20,-2.5,-10.5,280
2013,36,35597,0,198.4,20,-3.5,-10,280
2013,37,35942,1,227.2,24,-1,-8.5,320
2013,38,35942,0,323.2,24,0.5,-12.5,240
2013,39,36288,0,297.6,24,-1,-11.5,240
2013,40,36288,39,147.2,60,-3,-8.5,320
2013,41,36288,0,371.2,60,-4,-19.5,120
2013,42,36634,3,288,64,2,-17,160
2013,43,36634,5,220.8,68,3.5,-6,400
2013,44,36979,0,220.8,68,4,-2.5,520
2013,45,36979,0,336,68,4.5,-7,360
2013,46,37325,0,355.2,68,6,-7,360
2013,47,37325,1,332.8,68,7,-4.5,440
2013,48,37670,0,294.4,68,1,-8,320
2013,49,37670,0,288,68,-4.5,-13,240
2013,50,38016,0,342.4,68,-1.5,-12.5,240
2013,51,38016,2,374.4,68,4.5,-8.5,320
2013,52,38016,0,192,68,-1.5,-6.5,360
2013,53,38362,0,288,68,-2,-10,280
2013,54,38362,0,358.4,68,3.5,-7.5,360
2013,55,38707,3,67.2,68,1,-1,560
2013,56,38707,5,192,68,2.5,-4,440
2013,57,39053,0,320,64,3.5,-5,440
2013,58,39053,13,198.4,64,4.5,-2,520
2013,59,39398,21,128,60,3.5,-0.5,600
2013,60,39398,0,233.6,60,4.5,-1,560
2013,61,39744,0,259.2,56,4.5,-1.5,560
2013,62,39744,0,268.8,56,2.5,-3.5,480
2013,63,40090,0,275.2,56,1,-5,440
2013,64,40090,0,297.6,56,2,-4.5,440
2013,65,40435,0,374.4,56,6,-3,480
2013,66,40435,1,220.8,52,3,-1.5,560
2013,67,40781,6,150.4,52,2,-2,520
2013,68,40781,2,403.2,52,5,-4.5,440
2013,69,41126,0,492.8,52,12.5,-6.5,360
2013,70,41126,0,483.2,48,11,-5,440
2013,71,41472,0,371.2,48,9.5,1,640
2013,72,41472,25,336,44,10,-1.5,560
2013,73,41818,0,425.6,44,6.5,-3.5,480
2013,74,41818,0,326.4,44,-1,-7.5,360
2013,75,42163,1,457.6,44,3.5,-7.5,360
2013,76,42163,0,432,44,2,-7.5,360
2013,77,42509,0,502.4,44,1.5,-12,240
2013,78,42509,13,368,56,2,-10,280
2013,79,42854,11,300.8,68,1,-7,360
2013,80,42854,0,521.6,68,2.5,-11,280
2013,81,43200,0,528,68,3.5,-10.5,280
2013,82,43546,0,451.2,68,2.5,-7,360
2013,83,43546,0,403.2,68,4,-4,440
2013,84,43891,0,451.2,68,6.5,-3,480
2013,85,43891,0,419.2,64,6,-2.5,520
2013,86,44237,0,521.6,64,8,-5,440
2013,87,44237,0,531.2,64,10,-4,440
2013,88,44582,0,454.4,60,9.5,-0.5,600
2013,89,44582,0,521.6,60,11.5,-2,520
2013,90,44928,0,553.6,60,12,-4.5,440
2013,91,44928,7,409.6,60,12.5,-3.5,480
2013,92,45274,2,540.8,56,11.5,-4,440
2013,93,45274,0,336,56,3,-4,440
2013,94,45619,0,451.2,56,6,-4.5,440
2013,95,45619,0,540.8,56,12.5,-3,480
2013,96,45965,0,531.2,52,12.5,-2.5,520
2013,97,45965,0,496,52,8.5,-4.5,440
2013,98,46310,0,534.4,52,13.5,-2,520
2013,99,46310,2,528,48,18,2.5,720
2013,100,46656,4,345.6,44,17.5,5.5,920
2013,101,46656,6,307.2,36,15.5,5.5,920
2013,102,47002,5,265.6,36,9,1,640
2013,103,47002,13,115.2,32,3.5,0.5,640
2013,104,47347,0,428.8,28,10.5,0.5,640
2013,105,47347,0,518.4,28,10.5,-3,480
2013,106,47693,0,550.4,24,15,-1,560
2013,107,47693,2,518.4,20,18.5,4,800
2013,108,48038,0,556.8,20,17,0,600
2013,109,48038,0,505.6,16,17,3,760
2013,110,48384,18,396.8,12,20.5,4.5,840
2013,111,48384,0,515.2,8,12.5,-1.5,560
2013,112,48384,0,515.2,8,11.5,-2.5,520
2013,113,48730,0,467.2,4,11.5,-0.5,600
2013,114,48730,0,307.2,0,9,2,720
2013,115,49075,1,502.4,0,22.5,4,800
2013,116,49075,0,486.4,0,15,-1,560
2013,117,49421,0,502.4,0,17.5,0,600
2013,118,49421,0,502.4,0,19.5,1.5,680
2013,119,49766,0,480,0,21,4.5,840
2013,120,49766,0,390.4,0,18.5,7,1000
2013,121,50112,0,521.6,0,22,2,720
2013,122,50112,0,518.4,0,23.5,3.5,760
2013,123,50112,0,524.8,0,25.5,4,760
2013,124,50458,0,476.8,0,20,3.5,800
2013,125,50458,0,534.4,0,22,0,600
2013,126,50803,0,521.6,0,21.5,1,640
2013,127,50803,0,499.2,0,23,4,800
2013,128,50803,0,473.6,0,25.5,8,1040
2013,129,51149,12,243.2,0,21.5,11.5,1360
2013,130,51149,12,275.2,0,21,9.5,1200
2013,131,51494,5,288,0,24,11.5,1360
2013,132,51494,17,211.2,0,19,10.5,1280
2013,133,51494,0,438.4,0,17,2.5,720
2013,134,51840,0,323.2,0,11.5,2,720
2013,135,51840,0,454.4,0,14,-1,560
2013,136,52186,2,460.8,0,17.5,2,720
2013,137,52186,0,499.2,0,25,6,880
2013,138,52186,0,470.4,0,20.5,4,800
2013,139,52531,0,451.2,0,21,5.5,920
2013,140,52531,6,233.6,0,19,9.5,1200
2013,141,52531,0,425.6,0,27.5,12.5,1440
2013,142,52877,30,352,0,29.5,11.5,1360
2013,143,52877,0,316.8,0,23.5,13.5,1560
2013,144,52877,35,192,0,22.5,14.5,1640
2013,145,52877,13,272,0,17,6,920
2013,146,53222,12,140.8,0,8.5,3.5,800
2013,147,53222,0,380.8,0,13.5,2.5,720
2013,148,53222,0,502.4,0,21,3.5,800
2013,149,53222,12,336,0,22.5,8,1080
2013,150,53568,13,268.8,0,24,13,1480
2013,151,53568,0,441.6,0,30.5,15,1720
2013,152,53568,0,460.8,0,33,16,1800
2013,153,53568,0,387.2,0,32,19,2200
2013,154,53914,13,291.2,0,29.5,17,1920
2013,155,53914,0,489.6,0,23.5,7.5,1040
2013,156,53914,0,476.8,0,22,7,1000
2013,157,53914,0,460.8,0,22.5,8.5,1120
2013,158,53914,8,252.8,0,20,11,1320
2013,159,53914,58,112,0,14,10.5,1280
2013,160,54259,0,422.4,0,22.5,10.5,1280
2013,161,54259,0,454.4,0,24,10.5,1280
2013,162,54259,44,204.8,0,19.5,12.5,1440
2013,163,54259,14,169.6,0,18,12.5,1440
2013,164,54259,0,409.6,0,19.5,8.5,1120
2013,165,54259,46,176,0,15.5,10,1240
2013,166,54259,0,486.4,0,23.5,9,1160
2013,167,54259,0,496,0,24,9,1160
2013,168,54259,0,428.8,0,23,11.5,1360
2013,169,54259,6,364.8,0,27,12,1400
2013,170,54259,11,304,0,20.5,10,1240
2013,171,54259,0,524.8,0,23,6.5,960
2013,172,54259,0,512,0,26.5,10,1240
2013,173,54259,0,486.4,0,28.5,13,1480
2013,174,54259,0,460.8,0,29.5,15,1720
2013,175,54259,0,438.4,0,32,18,2080
2013,176,54259,8,339.2,0,32,17,1920
2013,177,54259,2,416,0,31,18,2080
2013,178,54259,0,355.2,0,27.5,17.5,2000
2013,179,54259,38,259.2,0,27,17.5,2000
2013,180,54259,16,265.6,0,28,18,2080
2013,181,54259,0,371.2,0,28.5,18,2080
2013,182,54259,6,236.8,0,28,19.5,2280
2013,183,54259,14,121.6,0,25,21,2480
2013,184,54259,5,204.8,0,28.5,21.5,2560
2013,185,54259,0,380.8,0,30.5,20,2320
2013,186,53914,0,387.2,0,32.5,21.5,2560
2013,187,53914,0,400,0,32.5,21,2480
2013,188,53914,0,432,0,31,18.5,2120
2013,189,53914,20,291.2,0,31,20,2320
2013,190,53914,0,326.4,0,28.5,20,2320
2013,191,53568,2,265.6,0,27,20.5,2400
2013,192,53568,10,246.4,0,28.5,20,2320
2013,193,53568,0,393.6,0,27.5,17,1920
2013,194,53568,2,368,0,26.5,17,1920
2013,195,53568,1,304,0,25,17.5,2000
2013,196,53222,0,412.8,0,31.5,19.5,2280
2013,197,53222,0,441.6,0,32.5,19,2200
2013,198,53222,0,457.6,0,33,18.5,2120
2013,199,53222,0,425.6,0,33.5,20.5,2400
2013,200,52877,0,419.2,0,34,21,2480
2013,201,52877,0,425.6,0,33.5,20.5,2400
2013,202,52877,0,457.6,0,31,17,1920
2013,203,52531,0,457.6,0,29.5,16,1800
2013,204,52531,78,272,0,28.5,19,2200
2013,205,52531,10,259.2,0,26.5,18,2080
2013,206,52186,0,480,0,25,11.5,1360
2013,207,52186,3,275.2,0,21,12.5,1440
2013,208,52186,2,444.8,0,23.5,12,1400
2013,209,51840,0,467.2,0,27.5,14,1600
2013,210,51840,0,374.4,0,26.5,17,1920
2013,211,51840,0,480,0,28,13.5,1560
2013,212,51494,0,467.2,0,26,12.5,1440
2013,213,51494,0,451.2,0,26,13,1480
2013,214,51149,17,284.8,0,25,15,1720
2013,215,51149,3,316.8,0,26.5,14.5,1640
2013,216,51149,0,457.6,0,25.5,12,1400
2013,217,50803,0,470.4,0,24,10,1240
2013,218,50803,0,492.8,0,23.5,8,1080
2013,219,50458,0,483.2,0,25.5,10,1240
2013,220,50458,2,361.6,0,25.5,15.5,1760
2013,221,50458,14,208,0,26.5,19,2200
2013,222,50112,51,259.2,0,25,15.5,1760
2013,223,50112,0,483.2,0,25.5,9.5,1200
2013,224,49766,0,454.4,0,25.5,11,1320
2013,225,49766,0,409.6,0,26,13.5,1560
2013,226,49421,9,288,0,22.5,11.5,1360
2013,227,49421,0,441.6,0,22,8.5,1120
2013,228,49421,0,454.4,0,23.5,9,1160
2013,229,49075,0,454.4,0,25,10,1240
2013,230,49075,0,441.6,0,26,11.5,1360
2013,231,48730,0,380.8,0,24.5,13,1480
2013,232,48730,0,403.2,0,25.5,13,1480
2013,233,48384,0,435.2,0,28.5,13.5,1560
2013,234,48384,0,428.8,0,29.5,14.5,1640
2013,235,48038,1,393.6,0,28,15,1720
2013,236,48038,0,451.2,0,25.5,9.5,1200
2013,237,47693,0,460.8,0,25.5,8.5,1120
2013,238,47693,2,438.4,0,26.5,10.5,1280
2013,239,47347,9,233.6,0,26.5,16.5,1880
2013,240,47347,0,342.4,0,28.5,17,1920
2013,241,47002,5,256,0,28.5,17,1920
2013,242,47002,0,262.4,0,23.5,15.5,1760
2013,243,46656,1,332.8,0,28,17,1920
2013,244,46656,15,188.8,0,27,19,2200
2013,245,46310,9,169.6,0,26,19,2200
2013,246,46310,4,227.2,0,25.5,16,1800
2013,247,45965,0,336,0,23.5,13,1480
2013,248,45965,0,390.4,0,24.5,11.5,1360
2013,249,45619,0,444.8,0,20.5,4.5,840
2013,250,45619,0,438.4,0,21,5,880
2013,251,45274,1,438.4,0,24,7,1000
2013,252,45274,0,444.8,0,21,3.5,800
2013,253,44928,1,412.8,0,20.5,5.5,920
2013,254,44928,8,230.4,0,25.5,15,1720
2013,255,44582,11,265.6,0,32,18,2080
2013,256,44582,16,224,0,27,16.5,1880
2013,257,44237,0,355.2,0,22,9.5,1200
2013,258,44237,0,364.8,0,17.5,5,880
2013,259,43891,1,400,0,20,5,880
2013,260,43891,1,412.8,0,18.5,2.5,720
2013,261,43546,0,403.2,0,18,2.5,720
2013,262,43546,0,428.8,0,22,3,760
2013,263,43200,0,422.4,0,24.5,5,880
2013,264,43200,0,393.6,0,24.5,7.5,1040
2013,265,42854,24,198.4,0,22,12.5,1440
2013,266,42854,0,371.2,0,18,3.5,800
2013,267,42509,0,371.2,0,16.5,2,720
2013,268,42509,0,390.4,0,19,2.5,720
2013,269,42163,0,364.8,0,21,6,920
2013,270,42163,0,284.8,0,18,7.5,1040
2013,271,41818,0,313.6,0,17.5,5.5,920
2013,272,41818,0,368,0,22.5,6,920
2013,273,41472,0,371.2,0,21.5,4.5,840
2013,274,41472,0,368,0,22.5,5,880
2013,275,41126,0,355.2,0,24.5,7,1000
2013,276,41126,0,352,0,24,6.5,960
2013,277,40781,0,320,0,22.5,7.5,1040
2013,278,40781,10,112,0,17.5,11.5,1360
2013,279,40435,9,112,0,19.5,13.5,1560
2013,280,40435,8,96,0,16,11,1320
2013,281,40090,18,243.2,0,21.5,6,920
2013,282,40090,0,329.6,0,17.5,2,720
2013,283,39744,0,310.4,0,16.5,2.5,720
2013,284,39744,0,268.8,0,15,3.5,800
2013,285,39398,0,310.4,0,20.5,5.5,920
2013,286,39398,0,233.6,0,16,6,920
2013,287,39053,0,275.2,0,16.5,4,800
2013,288,39053,0,291.2,0,19,5,880
2013,289,38707,0,249.6,0,19,7.5,1040
2013,290,38707,0,176,0,16,8.5,1120
2013,291,38362,3,179.2,0,21,10,1240
2013,292,38362,0,307.2,0,17,1.5,680
2013,293,38016,1,294.4,0,17,2.5,720
2013,294,38016,0,294.4,0,15.5,1,640
2013,295,37670,0,300.8,0,17.5,1.5,680
2013,296,37670,0,281.6,0,14,0,600
2013,297,37325,0,240,0,10.5,-0.5,600
2013,298,37325,0,240,0,10,-1,560
2013,299,36979,0,243.2,0,8.5,-2.5,520
2013,300,36979,0,259.2,0,11,-1.5,560
2013,301,36979,0,268.8,0,11,-2.5,520
2013,302,36634,0,288,0,12,-4,440
2013,303,36634,0,246.4,0,8.5,-3.5,480
2013,304,36288,0,249.6,0,11.5,-1,560
2013,305,36288,13,195.2,0,17,3,760
2013,306,35942,2,275.2,0,18.5,2.5,720
2013,307,35942,1,256,0,16,2,720
2013,308,35942,0,249.6,0,6,-7,360
2013,309,35597,0,233.6,0,5.5,-6.5,360
2013,310,35597,0,246.4,0,10,-4,440
2013,311,35251,0,217.6,0,15,3,760
2013,312,35251,4,195.2,0,13.5,-3,480
2013,313,35251,0,208,0,6.5,-4.5,440
2013,314,34906,1,169.6,0,6.5,-2,520
2013,315,34906,0,166.4,0,9,0.5,640
2013,316,34560,0,195.2,0,9,-1.5,560
2013,317,34560,0,169.6,0,0.5,-8,320
2013,318,34560,0,176,0,2,-7,360
2013,319,34214,0,246.4,0,10,-6,400
2013,320,34214,0,249.6,0,13.5,-4.5,440
2013,321,34214,0,227.2,0,14,-1,560
2013,322,33869,11,147.2,0,15.5,3.5,800
2013,323,33869,0,211.2,0,14.5,1,640
2013,324,33869,0,195.2,0,4,-7.5,360
2013,325,33523,0,214.4,0,4,-9.5,280
2013,326,33523,1,240,0,6.5,-7.5,360
2013,327,33523,2,144,0,8,0,600
2013,328,33178,0,201.6,0,2,-10.5,280
2013,329,33178,0,147.2,0,-4.5,-12.5,240
2013,330,33178,1,192,0,-0.5,-10.5,280
2013,331,33178,53,118.4,0,6,-3,480
2013,332,32832,18,144,0,6.5,-5.5,400
2013,333,32832,0,137.6,0,-2.5,-10,280
2013,334,32832,0,204.8,0,-1,-14,200
2013,335,32832,0,172.8,0,-1,-11,280
2013,336,32832,0,112,0,3,-3,480
2013,337,32486,0,131.2,0,4,-3,480
2013,338,32486,0,195.2,0,7,-5.5,400
2013,339,32486,0,176,0,6.5,-4,440
2013,340,32486,4,121.6,0,10,0.5,640
2013,341,32486,11,102.4,0,6,-1.5,560
2013,342,32141,0,163.2,0,1,-8,320
2013,343,32141,2,121.6,0,-2,-7.5,360
2013,344,32141,3,99.2,0,0.5,-5.5,400
2013,345,32141,1,188.8,4,-0.5,-10,280
2013,346,32141,0,195.2,4,-3,-13,240
2013,347,32141,0,176,4,-6.5,-15,200
2013,348,32141,0,195.2,4,-4.5,-14.5,200
2013,349,32141,19,128,20,-6,-14,200
2013,350,32141,0,188.8,20,-2,-11,280
2013,351,32141,0,252.8,20,-5.5,-22.5,120
2013,352,32141,8,179.2,28,-6,-20,120
2013,353,32141,0,224,28,-0.5,-12.5,240
2013,354,32141,0,214.4,28,4.5,-7,360
2013,355,32141,0,198.4,28,7,-3,480
2013,356,32141,1,214.4,28,12,0,600
2013,357,32141,3,150.4,24,14.5,3.5,800
2013,358,32141,11,140.8,20,5,-4,440
2013,359,32141,0,227.2,20,-0.5,-13,240
2013,360,32141,0,160,20,-5.5,-12.5,240
2013,361,32141,2,192,24,-2.5,-11.5,240
2013,362,32141,0,224,24,1.5,-10.5,280
2013,363,32141,0,211.2,24,5.5,-5.5,400
2013,364,32141,25,124.8,24,3.5,-4,440
2013,365,32141,0,249.6,24,1,-14.5,200
2014,1,32141,0,160,0,-5.5,-14,200
2014,2,32141,4,128,4,-5,-13,240
2014,3,32486,13,112,16,-11.5,-18,160
2014,4,32486,0,236.8,16,-12,-25,80
2014,5,32486,0,259.2,16,-5,-22,120
2014,6,32486,16,201.6,32,4,-16,160
2014,7,32486,10,208,44,7.5,-16.5,160
2014,8,32486,0,121.6,44,-13.5,-18.5,160
2014,9,32832,0,220.8,44,-7,-17.5,160
2014,10,32832,1,243.2,44,-3,-15.5,200
2014,11,32832,4,166.4,48,2.5,-8,320
2014,12,32832,15,166.4,44,11,0,600
2014,13,33178,0,201.6,44,4.5,-4.5,440
2014,14,33178,0,227.2,44,7.5,-3.5,480
2014,15,33178,13,163.2,44,6,-4,440
2014,16,33178,0,211.2,40,6.5,-3,480
2014,17,33523,1,169.6,40,2.5,-4.5,440
2014,18,33523,0,192,40,3.5,-4.5,440
2014,19,33523,7,105.6,40,0,-5.5,400
2014,20,33523,0,153.6,40,0,-6,400
2014,21,33869,0,281.6,40,1.5,-13,240
2014,22,33869,1,204.8,40,-10.5,-18.5,160
2014,23,33869,0,224,40,-10.5,-19.5,120
2014,24,34214,0,236.8,40,-9,-18.5,160
2014,25,34214,0,188.8,40,-8.5,-15.5,200
2014,26,34214,2,240,44,-4,-13.5,200
2014,27,34560,0,240,44,-4,-13.5,200
2014,28,34560,0,310.4,44,0.5,-15,200
2014,29,34906,0,208,44,-8.5,-16,160
2014,30,34906,0,291.2,44,-5.5,-18,160
2014,31,34906,0,307.2,44,-2,-16,160
2014,32,35251,0,272,44,3.5,-7.5,360
2014,33,35251,0,278.4,44,6,-5.5,400
2014,34,35597,2,230.4,40,6,-2.5,520
2014,35,35597,4,201.6,44,-0.5,-10.5,280
2014,36,35597,10,201.6,56,0,-9.5,280
2014,37,35942,15,220.8,72,-3.5,-13.5,200
2014,38,35942,0,364.8,72,-3,-20.5,120
2014,39,36288,0,368,72,-2.5,-20,120
2014,40,36288,0,342.4,72,-3,-16.5,160
2014,41,36288,2,320,72,-2,-13.5,200
2014,42,36634,0,368,72,-4.5,-20,120
2014,43,36634,0,377.6,72,-6,-22.5,120
2014,44,36979,2,384,76,-3,-20.5,120
2014,45,36979,31,211.2,104,-0.5,-9.5,280
2014,46,37325,0,297.6,104,0,-9.5,280
2014,47,37325,3,198.4,108,-1,-9,320
2014,48,37670,0,336,108,-3.5,-14.5,200
2014,49,37670,0,390.4,108,-3,-18,160
2014,50,38016,4,252.8,112,-3.5,-14.5,200
2014,51,38016,9,275.2,120,1,-11.5,240
2014,52,38016,10,294.4,132,7.5,-7,360
2014,53,38362,6,220.8,132,4.5,-4.5,440
2014,54,38362,0,384,132,9.5,-4,440
2014,55,38707,0,361.6,128,7,-5,440
2014,56,38707,0,291.2,128,-1.5,-10,280
2014,57,39053,0,384,128,-4,-16.5,160
2014,58,39053,0,419.2,128,-3.5,-18,160
2014,59,39398,0,406.4,128,-4.5,-18,160
2014,60,39398,0,419.2,128,-5.5,-19.5,120
2014,61,39744,0,454.4,128,0.5,-16.5,160
2014,62,39744,0,403.2,128,1,-12,240
2014,63,40090,0,441.6,128,-5.5,-20.5,120
2014,64,40090,0,432,128,-2.5,-17,160
2014,65,40435,0,441.6,128,-2,-17,160
2014,66,40435,0,476.8,128,-0.5,-18.5,160
2014,67,40781,0,489.6,128,3.5,-16,160
2014,68,40781,0,428.8,128,8.5,-6,400
2014,69,41126,0,272,128,3,-4.5,440
2014,70,41126,0,320,128,5.5,-3.5,480
2014,71,41472,0,425.6,128,11.5,-2,520
2014,72,41472,12,345.6,140,3,-11.5,240
2014,73,41818,0,313.6,140,-5.5,-13.5,200
2014,74,41818,0,457.6,140,3.5,-10,280
2014,75,42163,0,476.8,140,8.5,-6.5,360
2014,76,42163,0,377.6,140,-1.5,-11.5,240
2014,77,42509,0,460.8,140,0.5,-13,240
2014,78,42509,0,508.8,140,5,-11.5,240
2014,79,42854,19,336,156,5.5,-7,360
2014,80,42854,0,352,156,7,-2,520
2014,81,43200,0,432,156,4.5,-7,360
2014,82,43546,0,496,156,9,-5.5,400
2014,83,43546,0,473.6,156,1,-12,240
2014,84,43891,0,457.6,156,-1,-13,240
2014,85,43891,0,480,156,1.5,-11.5,240
2014,86,44237,0,444.8,156,1,-10.5,280
2014,87,44237,0,512,156,6,-8.5,320
2014,88,44582,7,249.6,152,8,0,600
2014,89,44582,47,236.8,148,9.5,2,720
2014,90,44928,17,153.6,148,4.5,0,600
2014,91,44928,0,320,144,5.5,-1.5,560
2014,92,45274,0,556.8,144,13.5,-2.5,520
2014,93,45274,0,569.6,144,14.5,-2.5,520
2014,94,45619,0,505.6,140,12,-1,560
2014,95,45619,7,284.8,136,9,0.5,640
2014,96,45965,0,457.6,136,9,-1.5,560
2014,97,45965,0,569.6,132,13,-2.5,520
2014,98,46310,10,406.4,132,13.5,-0.5,600
2014,99,46310,3,428.8,128,16,0,600
2014,100,46656,0,588.8,128,13,-4,440
2014,101,46656,1,595.2,128,17,-1,560
2014,102,47002,6,435.2,124,19.5,2,720
2014,103,47002,0,579.2,120,20,2.5,720
2014,104,47347,1,547.2,116,22,6,920
2014,105,47347,0,483.2,108,22.5,9.5,1200
2014,106,47693,36,448,108,14.5,-4,440
2014,107,47693,0,448,108,5.5,-5,440
2014,108,48038,0,540.8,108,9,-5,440
2014,109,48038,0,518.4,104,9.5,-3.5,480
2014,110,48384,0,608,104,16,-3,480
2014,111,48384,0,604.8,104,17,-2,520
2014,112,48384,0,614.4,100,22,1,640
2014,113,48730,2,518.4,96,20,5.5,920
2014,114,48730,1,412.8,92,12,2,720
2014,115,49075,0,563.2,88,14,-2,520
2014,116,49075,13,416,88,17.5,1.5,680
2014,117,49421,16,240,84,11,3.5,800
2014,118,49421,0,444.8,80,11.5,0.5,640
2014,119,49766,0,464,76,15,3,760
2014,120,49766,7,179.2,72,8.5,3,760
2014,121,50112,45,150.4,68,8,3.5,800
2014,122,50112,3,403.2,64,20,4.5,840
2014,123,50112,0,476.8,60,17.5,5,880
2014,124,50458,0,448,52,17.5,6,920
2014,125,50458,0,316.8,48,13.5,6,920
2014,126,50803,0,515.2,44,16.5,2.5,720
2014,127,50803,0,563.2,44,16.5,0,600
2014,128,50803,0,556.8,40,19,2.5,720
2014,129,51149,1,480,32,19.5,6.5,960
2014,130,51149,5,172.8,28,17.5,12,1400
2014,131,51494,2,502.4,20,26,11.5,1360
2014,132,51494,0,563.2,12,25.5,7.5,1040
2014,133,51494,0,553.6,8,28,10,1240
2014,134,51840,0,448,0,18.5,7,1000
2014,135,51840,0,438.4,0,23,9.5,1200
2014,136,52186,4,220.8,0,22.5,14.5,1640
2014,137,52186,46,262.4,0,19,9.5,1200
2014,138,52186,0,476.8,0,19,4.5,840
2014,139,52531,0,486.4,0,19,4,800
2014,140,52531,0,460.8,0,19.5,6,920
2014,141,52531,0,518.4,0,23,5.5,920
2014,142,52877,0,489.6,0,24,8.5,1120
2014,143,52877,7,115.2,0,15,11.5,1360
2014,144,52877,21,243.2,0,18,10,1240
2014,145,52877,2,419.2,0,19.5,8.5,1120
2014,146,53222,1,496,0,25,9.5,1200
2014,147,53222,0,444.8,0,26,13,1480
2014,148,53222,6,380.8,0,24.5,8,1080
2014,149,53222,0,368,0,12.5,3.5,800
2014,150,53568,0,467.2,0,20,6.5,960
2014,151,53568,6,352,0,21.5,7.5,1040
2014,152,53568,4,368,0,20.5,5.5,920
2014,153,53568,0,515.2,0,25,7.5,1040
2014,154,53914,0,502.4,0,28.5,11,1320
2014,155,53914,24,339.2,0,29,14,1600
2014,156,53914,4,265.6,0,23.5,13.5,1560
2014,157,53914,8,240,0,20,11.5,1360
2014,158,53914,0,432,0,22.5,10,1240
2014,159,53914,0,496,0,27,10.5,1280
2014,160,54259,0,451.2,0,28,13.5,1560
2014,161,54259,6,220.8,0,23,15,1720
2014,162,54259,0,387.2,0,25.5,14.5,1640
2014,163,54259,3,169.6,0,18.5,13,1480
2014,164,54259,8,128,0,17.5,13.5,1560
2014,165,54259,17,144,0,19,14.5,1640
2014,166,54259,0,451.2,0,22,9.5,1200
2014,167,54259,0,492.8,0,24,9,1160
2014,168,54259,0,480,0,27.5,12.5,1440
2014,169,54259,9,323.2,0,30,17,1920
2014,170,54259,0,396.8,0,27,16,1800
2014,171,54259,0,524.8,0,26.5,9,1160
2014,172,54259,0,515.2,0,23,7,1000
2014,173,54259,0,489.6,0,23.5,8.5,1120
2014,174,54259,0,476.8,0,24,9.5,1200
2014,175,54259,0,464,0,27,12.5,1440
2014,176,54259,0,387.2,0,26,15,1720
2014,177,54259,37,272,0,28.5,18,2080
2014,178,54259,0,448,0,27,13.5,1560
2014,179,54259,0,473.6,0,27,12,1400
2014,180,54259,0,483.2,0,29,13,1480
2014,181,54259,0,464,0,29,14,1600
2014,182,54259,0,422.4,0,29.5,16.5,1880
2014,183,54259,0,393.6,0,31,19,2200
2014,184,54259,20,297.6,0,31,19,2200
2014,185,54259,32,268.8,0,28,18,2080
2014,186,53914,15,224,0,21,13.5,1560
2014,187,53914,0,467.2,0,25.5,11.5,1360
2014,188,53914,0,438.4,0,27.5,14.5,1640
2014,189,53914,8,288,0,29,18,2080
2014,190,53914,6,297.6,0,29.5,18,2080
2014,191,53568,3,339.2,0,28.5,14.5,1640
2014,192,53568,0,451.2,0,26.5,13,1480
2014,193,53568,0,480,0,27,11.5,1360
2014,194,53568,0,457.6,0,29,14,1600
2014,195,53568,10,224,0,26.5,18,2080
2014,196,53222,8,217.6,0,28.5,20,2320
2014,197,53222,33,236.8,0,27.5,18.5,2120
2014,198,53222,6,307.2,0,25,13,1480
2014,199,53222,0,454.4,0,25.5,11.5,1360
2014,200,52877,0,441.6,0,26,12.5,1440
2014,201,52877,0,390.4,0,24.5,13.5,1560
2014,202,52877,0,444.8,0,26,12.5,1440
2014,203,52531,0,448,0,28,14,1600
2014,204,52531,0,435.2,0,31,17,1920
2014,205,52531,18,320,0,30.5,17,1920
2014,206,52186,0,464,0,25.5,11,1320
2014,207,52186,0,441.6,0,26,12.5,1440
2014,208,52186,0,390.4,0,26.5,15,1720
2014,209,51840,25,262.4,0,27,17,1920
2014,210,51840,20,300.8,0,25.5,14,1600
2014,211,51840,0,396.8,0,23,12,1400
2014,212,51494,0,451.2,0,24.5,11,1320
2014,213,51494,0,435.2,0,26,13,1480
2014,214,51149,8,288,0,26.5,15.5,1760
2014,215,51149,0,364.8,0,24,14,1600
2014,216,51149,0,371.2,0,25.5,15,1720
2014,217,50803,0,428.8,0,28.5,15,1720
2014,218,50803,7,313.6,0,28.5,15.5,1760
2014,219,50458,0,457.6,0,25.5,11,1320
2014,220,50458,2,438.4,0,24.5,11,1320
2014,221,50458,0,457.6,0,26.5,11.5,1360
2014,222,50112,0,467.2,0,28,12,1400
2014,223,50112,0,464,0,28.5,12.5,1440
2014,224,49766,0,422.4,0,27.5,14,1600
2014,225,49766,4,224,0,24.5,16,1800
2014,226,49421,80,208,0,20,12.5,1440
2014,227,49421,0,380.8,0,21.5,10.5,1280
2014,228,49421,0,358.4,0,20,10,1240
2014,229,49075,1,400,0,23,11,1320
2014,230,49075,0,438.4,0,24.5,10.5,1280
2014,231,48730,0,460.8,0,23.5,8,1080
2014,232,48730,0,460.8,0,25.5,9.5,1200
2014,233,48384,0,422.4,0,26.5,12.5,1440
2014,234,48384,10,150.4,0,21,15.5,1760
2014,235,48038,3,144,0,19.5,14.5,1640
2014,236,48038,0,377.6,0,22.5,11.5,1360
2014,237,47693,0,435.2,0,26.5,12,1400
2014,238,47693,0,451.2,0,29.5,13,1480
2014,239,47347,0,432,0,29.5,14,1600
2014,240,47347,0,406.4,0,29,15,1720
2014,241,47002,0,428.8,0,24,9.5,1200
2014,242,47002,0,425.6,0,24,9.5,1200
2014,243,46656,0,393.6,0,25,12,1400
2014,244,46656,1,284.8,0,27.5,18.5,2120
2014,245,46310,0,348.8,0,30,18,2080
2014,246,46310,5,278.4,0,29,16,1800
2014,247,45965,0,412.8,0,26.5,11.5,1360
2014,248,45965,0,419.2,0,28.5,12.5,1440
2014,249,45619,0,377.6,0,30,16,1800
2014,250,45619,11,291.2,0,29,14.5,1640
2014,251,45274,0,403.2,0,24,9.5,1200
2014,252,45274,0,387.2,0,22.5,9,1160
2014,253,44928,0,352,0,21,9.5,1200
2014,254,44928,0,288,0,21.5,12.5,1440
2014,255,44582,3,259.2,0,22.5,11,1320
2014,256,44582,0,387.2,0,19.5,6,920
2014,257,44237,10,217.6,0,15,6,920
2014,258,44237,0,384,0,18,4.5,840
2014,259,43891,0,342.4,0,18,6.5,960
2014,260,43891,1,371.2,0,18,5,880
2014,261,43546,0,403.2,0,20,4.5,840
2014,262,43546,0,416,0,20.5,3.5,800
2014,263,43200,0,384,0,16,2,720
2014,264,43200,0,368,0,21,7,1000
2014,265,42854,1,291.2,0,22.5,12,1400
2014,266,42854,0,371.2,0,18,3.5,800
2014,267,42509,0,390.4,0,20.5,4,800
2014,268,42509,0,320,0,20,8,1080
2014,269,42163,0,278.4,0,19,9,1160
2014,270,42163,0,364.8,0,24,8.5,1120
2014,271,41818,0,377.6,0,27.5,9.5,1200
2014,272,41818,0,358.4,0,27.5,11,1320
2014,273,41472,0,252.8,0,22,12.5,1440
2014,274,41472,5,70.4,0,15.5,12.5,1440
2014,275,41126,14,80,0,15.5,12,1400
2014,276,41126,2,310.4,0,18,6,920
2014,277,40781,0,307.2,0,19,7,1000
2014,278,40781,37,208,0,14,4,800
2014,279,40435,0,355.2,0,15.5,0.5,640
2014,280,40435,0,361.6,0,18.5,2,720
2014,281,40090,11,192,0,21.5,11.5,1360
2014,282,40090,0,348.8,0,19.5,3.5,800
2014,283,39744,0,326.4,0,16.5,2.5,720
2014,284,39744,0,288,0,14.5,3,760
2014,285,39398,4,214.4,0,13,1.5,680
2014,286,39398,0,336,0,15.5,0,600
2014,287,39053,2,291.2,0,15.5,3,760
2014,288,39053,0,252.8,0,23,12,1400
2014,289,38707,25,99.2,0,22.5,17,1920
2014,290,38707,15,137.6,0,20.5,13,1480
2014,291,38362,0,246.4,0,20,9.5,1200
2014,292,38362,1,256,0,16,5.5,920
2014,293,38016,0,278.4,0,10,-1.5,560
2014,294,38016,0,291.2,0,13.5,0.5,640
2014,295,37670,5,137.6,0,13.5,6.5,960
2014,296,37670,47,54.4,0,10.5,8,1080
2014,297,37325,21,76.8,0,10.5,7,1000
2014,298,37325,1,224,0,12,3.5,800
2014,299,36979,1,259.2,0,15.5,4.5,840
2014,300,36979,0,176,0,11.5,5,880
2014,301,36979,0,284.8,0,15,2,720
2014,302,36634,0,291.2,0,17,3,760
2014,303,36634,4,217.6,0,15,1,640
2014,304,36288,0,265.6,0,11.5,-0.5,600
2014,305,36288,0,188.8,0,9,1.5,680
2014,306,35942,2,121.6,0,6.5,2,720
2014,307,35942,0,201.6,0,6.5,-1.5,560
2014,308,35942,0,265.6,0,12,-1,560
2014,309,35597,0,259.2,0,16.5,3.5,800
2014,310,35597,0,249.6,0,14,2,720
2014,311,35251,8,80,0,7,3,760
2014,312,35251,0,214.4,0,7,-2,520
2014,313,35251,0,214.4,0,8,-1,560
2014,314,34906,0,265.6,0,11.5,-2.5,520
2014,315,34906,0,262.4,0,13,-1.5,560
2014,316,34560,0,233.6,0,14,2.5,720
2014,317,34560,0,268.8,0,15.5,-2,520
2014,318,34560,3,140.8,0,6.5,-1.5,560
2014,319,34214,0,214.4,0,3.5,-6.5,360
2014,320,34214,0,214.4,0,2.5,-7.5,360
2014,321,34214,10,121.6,0,3.5,-3.5,480
2014,322,33869,15,108.8,0,3.5,-2.5,520
2014,323,33869,0,192,0,-0.5,-9,320
2014,324,33869,0,182.4,0,0.5,-7.5,360
2014,325,33523,0,224,0,4,-7.5,360
2014,326,33523,0,198.4,0,-0.5,-10,280
2014,327,33523,0,227.2,0,5.5,-7.5,360
2014,328,33178,14,163.2,0,13.5,0.5,640
2014,329,33178,5,153.6,0,16.5,4.5,840
2014,330,33178,0,204.8,0,12.5,0.5,640
2014,331,33178,30,96,0,2.5,-3.5,480
2014,332,32832,2,131.2,0,0.5,-5.5,400
2014,333,32832,0,214.4,0,-0.5,-12.5,240
2014,334,32832,0,204.8,0,2,-9.5,280
2014,335,32832,0,144,0,7,0,600
2014,336,32832,0,201.6,0,9,-3,480
2014,337,32486,10,80,0,2,-3,480
2014,338,32486,0,134.4,0,4.5,-2,520
2014,339,32486,0,192,0,2.5,-8,320
2014,340,32486,13,134.4,12,1.5,-6.5,360
2014,341,32486,13,89.6,12,2.5,-2.5,520
2014,342,32141,0,224,12,0,-11.5,240
2014,343,32141,2,192,12,-1,-10,280
2014,344,32141,43,73.6,12,2.5,-1.5,560
2014,345,32141,10,67.2,8,2,-1.5,560
2014,346,32141,3,60.8,8,-0.5,-3.5,480
2014,347,32141,0,118.4,8,0.5,-4,440
2014,348,32141,0,169.6,8,2.5,-4.5,440
2014,349,32141,0,179.2,8,4,-3.5,480
2014,350,32141,0,179.2,4,3.5,-4,440
2014,351,32141,10,105.6,4,3.5,-2,520
2014,352,32141,0,137.6,0,6,0.5,640
2014,353,32141,0,108.8,0,2.5,-2,520
2014,354,32141,0,163.2,0,0,-7.5,360
2014,355,32141,2,176,0,0.5,-6.5,360
2014,356,32141,2,73.6,0,0.5,-2,520
2014,357,32141,3,67.2,0,3,-0.5,600
2014,358,32141,9,60.8,0,4.5,1.5,680
2014,359,32141,13,118.4,0,9.5,3,760
2014,360,32141,0,185.6,0,9.5,1,640
2014,361,32141,0,211.2,0,7.5,-4,440
2014,362,32141,1,204.8,0,8.5,-2,520
2014,363,32141,1,195.2,0,6.5,-2.5,520
2014,364,32141,0,214.4,0,2,-9,320
2014,365,32141,0,204.8,0,-3.5,-13,240
2015,1,32141,0,179.2,0,-2.5,-13.5,200
2015,2,32141,0,163.2,0,0,-9.5,280
2015,3,32486,0,163.2,0,1,-8.5,320
2015,4,32486,27,121.6,28,1,-7,360
2015,5,32486,4,134.4,28,5,-4,440
2015,6,32486,0,224,28,-2,-14.5,200
2015,7,32486,1,176,28,-9,-17.5,160
2015,8,32486,0,246.4,28,-7.5,-22,120
2015,9,32832,5,176,32,-7.5,-20.5,120
2015,10,32832,0,233.6,32,-4.5,-17,160
2015,11,32832,0,252.8,32,-6.5,-21,120
2015,12,32832,3,185.6,36,-2.5,-16,160
2015,13,33178,4,192,40,0.5,-14,200
2015,14,33178,0,252.8,40,-7.5,-21,120
2015,15,33178,0,227.2,40,-7.5,-18.5,160
2015,16,33178,0,259.2,40,-2,-16,160
2015,17,33523,0,281.6,40,-0.5,-18,160
2015,18,33523,0,249.6,40,-3,-15.5,200
2015,19,33523,46,137.6,40,3,-5,440
2015,20,33523,0,153.6,40,1.5,-5,440
2015,21,33869,0,249.6,40,-1,-13,240
2015,22,33869,0,224,40,-2,-12,240
2015,23,33869,0,246.4,40,0.5,-11,280
2015,24,34214,3,169.6,40,0.5,-9.5,280
2015,25,34214,4,105.6,40,0.5,-5,440
2015,26,34214,0,278.4,40,-0.5,-14,200
2015,27,34560,8,134.4,48,-6.5,-13.5,200
2015,28,34560,3,137.6,52,-6.5,-13.5,200
2015,29,34906,0,313.6,52,-3.5,-20,120
2015,30,34906,2,320,52,-0.5,-17.5,160
2015,31,34906,1,316.8,56,-1.5,-17.5,160
2015,32,35251,0,265.6,56,-7,-18,160
2015,33,35251,12,220.8,68,-2.5,-15.5,200
2015,34,35597,9,211.2,76,-9.5,-21,120
2015,35,35597,0,332.8,76,-5,-21,120
2015,36,35597,3,243.2,80,0,-15,200
2015,37,35942,0,361.6,80,-3.5,-24,80
2015,38,35942,0,329.6,80,-6,-21,120
2015,39,36288,5,118.4,84,-3.5,-9,320
2015,40,36288,10,131.2,92,-5,-11,280
2015,41,36288,7,115.2,100,-5.5,-10.5,280
2015,42,36634,0,361.6,100,0.5,-15,200
2015,43,36634,0,342.4,100,-2,-15.5,200
2015,44,36979,2,377.6,104,-3.5,-20,120
2015,45,36979,0,323.2,104,-11,-22.5,120
2015,46,37325,6,256,108,-8.5,-21,120
2015,47,37325,0,364.8,108,-10.5,-24,80
2015,48,37670,0,345.6,108,-10,-22,120
2015,49,37670,0,406.4,108,-5.5,-23,80
2015,50,38016,1,412.8,108,-2.5,-20.5,120
2015,51,38016,0,345.6,108,-7.5,-19.5,120
2015,52,38016,0,416,108,-8.5,-26,80
2015,53,38362,8,320,116,-1.5,-20,120
2015,54,38362,0,384,116,2.5,-12,240
2015,55,38707,0,422.4,116,-9,-26.5,80
2015,56,38707,0,416,116,-7,-23.5,80
2015,57,39053,0,361.6,116,-1,-14,200
2015,58,39053,0,336,116,-5.5,-17,160
2015,59,39398,0,425.6,116,-4,-21,120
2015,60,39398,0,444.8,116,-2,-20.5,120
2015,61,39744,4,252.8,120,-3.5,-14.5,200
2015,62,39744,0,432,120,-0.5,-17,160
2015,63,40090,11,307.2,132,1.5,-13,240
2015,64,40090,0,262.4,132,3.5,-4.5,440
2015,65,40435,0,467.2,132,-3,-21,120
2015,66,40435,0,470.4,132,-2,-20,120
2015,67,40781,0,467.2,132,2.5,-15,200
2015,68,40781,0,425.6,132,5,-9.5,280
2015,69,41126,0,448,132,7.5,-8.5,320
2015,70,41126,2,435.2,132,10,-5.5,400
2015,71,41472,0,352,128,10.5,-1,560
2015,72,41472,0,409.6,128,3,-10.5,280
2015,73,41818,0,390.4,128,4,-8.5,320
2015,74,41818,9,147.2,128,3.5,-2,520
2015,75,42163,0,339.2,128,5,-5,440
2015,76,42163,1,403.2,128,8,-4.5,440
2015,77,42509,0,438.4,128,6.5,-7.5,360
2015,78,42509,0,339.2,128,-2,-11.5,240
2015,79,42854,0,387.2,128,0.5,-10.5,280
2015,80,42854,5,217.6,132,-0.5,-8,320
2015,81,43200,2,422.4,136,5.5,-6.5,360
2015,82,43546,0,380.8,136,-1.5,-11.5,240
2015,83,43546,0,403.2,136,-1,-11.5,240
2015,84,43891,0,521.6,136,5.5,-10.5,280
2015,85,43891,3,368,136,8,-6,400
2015,86,44237,15,192,136,7,1,640
2015,87,44237,0,281.6,132,5,-1.5,560
2015,88,44582,4,313.6,136,1,-9,320
2015,89,44582,0,508.8,136,5.5,-8,320
2015,90,44928,0,339.2,136,6,-1.5,560
2015,91,44928,0,486.4,136,7,-5,440
2015,92,45274,0,531.2,136,8,-6,400
2015,93,45274,2,579.2,132,16,-2,520
2015,94,45619,8,345.6,128,14.5,3,760
2015,95,45619,0,422.4,128,6.5,-3,480
2015,96,45965,0,412.8,124,6.5,-2.5,520
2015,97,45965,0,524.8,124,12.5,-0.5,600
2015,98,46310,3,211.2,120,6,0.5,640
2015,99,46310,10,182.4,120,3.5,-1,560
2015,100,46656,10,150.4,116,3,-0.5,600
2015,101,46656,2,448,112,10,1,640
2015,102,47002,0,560,112,11.5,-1.5,560
2015,103,47002,0,630.4,108,19.5,-1.5,520
2015,104,47347,0,611.2,108,21,2,680
2015,105,47347,0,592,104,18,1.5,680
2015,106,47693,0,624,100,18,-2,520
2015,107,47693,2,595.2,100,18.5,1.5,680
2015,108,48038,0,544,96,17.5,3.5,800
2015,109,48038,0,620.8,92,22,1,640
2015,110,48384,2,518.4,88,16,3,720
2015,111,48384,30,233.6,84,10,3.5,800
2015,112,48384,1,585.6,80,16.5,0,600
2015,113,48730,4,419.2,80,16,1,640
2015,114,48730,0,336,76,7.5,0.5,640
2015,115,49075,0,422.4,72,7,-2,520
2015,116,49075,0,518.4,72,12.5,0,600
2015,117,49421,0,403.2,68,13,4,800
2015,118,49421,0,387.2,64,13.5,5,880
2015,119,49766,0,531.2,60,17,3.5,760
2015,120,49766,0,579.2,56,19.5,3,720
2015,121,50112,0,460.8,52,16,5,880
2015,122,50112,0,515.2,48,16,3,760
2015,123,50112,0,598.4,40,23,4.5,760
2015,124,50458,0,595.2,36,25,6,800
2015,125,50458,0,592,32,28.5,8.5,880
2015,126,50803,0,547.2,24,25.5,9,960
2015,127,50803,0,595.2,20,25,5,720
2015,128,50803,0,585.6,12,28.5,8,840
2015,129,51149,0,585.6,8,29.5,8,840
2015,130,51149,0,502.4,0,26,10,1040
2015,131,51494,0,425.6,0,31,15.5,1520
2015,132,51494,0,387.2,0,29.5,16,1640
2015,133,51494,4,336,0,26.5,10.5,1240
2015,134,51840,0,464,0,17,1.5,640
2015,135,51840,0,505.6,0,21,2.5,640
2015,136,52186,1,467.2,0,22.5,6.5,840
2015,137,52186,0,390.4,0,24,11.5,1240
2015,138,52186,0,464,0,28.5,12,1160
2015,139,52531,3,275.2,0,23.5,12,1400
2015,140,52531,2,390.4,0,21.5,9.5,1120
2015,141,52531,0,361.6,0,14.5,4,800
2015,142,52877,0,384,0,18.5,7,960
2015,143,52877,0,515.2,0,19.5,1.5,560
2015,144,52877,0,489.6,0,19,2.5,600
2015,145,52877,0,492.8,0,27,9,880
2015,146,53222,0,390.4,0,27.5,14.5,1440
2015,147,53222,0,406.4,0,29.5,15.5,1480
2015,148,53222,11,281.6,0,29.5,16.5,1840
2015,149,53222,5,352,0,28,10.5,1200
2015,150,53568,0,441.6,0,27.5,12,1200
2015,151,53568,1,393.6,0,28,14.5,1480
2015,152,53568,17,281.6,0,20,8,1080
2015,153,53568,41,99.2,0,10.5,7,1000
2015,154,53914,1,236.8,0,12.5,6,920
2015,155,53914,0,380.8,0,20.5,9,1160
2015,156,53914,0,384,0,20.5,9,1160
2015,157,53914,0,428.8,0,24.5,11,1280
2015,158,53914,0,518.4,0,22,4,760
2015,159,53914,0,460.8,0,23,8.5,1080
2015,160,54259,14,236.8,0,23.5,14.5,1640
2015,161,54259,9,294.4,0,24,12.5,1440
2015,162,54259,0,396.8,0,27,15,1720
2015,163,54259,0,451.2,0,28.5,14,1560
2015,164,54259,9,313.6,0,28.5,15.5,1760
2015,165,54259,0,448,0,27.5,13.5,1520
2015,166,54259,29,304,0,26.5,14.5,1640
2015,167,54259,15,108.8,0,17,13.5,1560
2015,168,54259,2,358.4,0,22.5,13,1480
2015,169,54259,0,428.8,0,23,11,1320
2015,170,54259,0,371.2,0,23.5,13.5,1560
2015,171,54259,0,512,0,26,9,1160
2015,172,54259,15,297.6,0,23.5,12.5,1440
2015,173,54259,15,332.8,0,28,14.5,1640
2015,174,54259,0,448,0,28,14.5,1640
2015,175,54259,7,355.2,0,29,14,1600
2015,176,54259,0,473.6,0,26.5,12,1400
2015,177,54259,4,320,0,25,13,1480
2015,178,54259,0,444.8,0,23.5,11,1320
2015,179,54259,40,256,0,20,11.5,1360
2015,180,54259,6,150.4,0,15.5,11,1320
2015,181,54259,0,422.4,0,22.5,11.5,1360
2015,182,54259,14,310.4,0,25,14,1600
2015,183,54259,11,332.8,0,25.5,13,1480
2015,184,54259,0,467.2,0,24,10.5,1280
2015,185,54259,0,464,0,24.5,11,1320
2015,186,53914,4,278.4,0,21,11.5,1360
2015,187,53914,0,467.2,0,27,13,1480
2015,188,53914,0,432,0,28,15.5,1760
2015,189,53914,17,220.8,0,26,18.5,2120
2015,190,53914,0,438.4,0,27,14.5,1640
2015,191,53568,36,262.4,0,24.5,15.5,1760
2015,192,53568,0,476.8,0,27.5,13,1480
2015,193,53568,0,486.4,0,29.5,14,1600
2015,194,53568,0,464,0,30,15.5,1760
2015,195,53568,2,432,0,28.5,16,1800
2015,196,53222,9,246.4,0,26,17.5,2000
2015,197,53222,0,486.4,0,26,11,1320
2015,198,53222,0,480,0,24.5,10,1240
2015,199,53222,3,329.6,0,26,13,1480
2015,200,52877,4,256,0,27.5,18,2080
2015,201,52877,3,291.2,0,31,19.5,2280
2015,202,52877,0,444.8,0,30.5,16.5,1880
2015,203,52531,0,467.2,0,29.5,14.5,1640
2015,204,52531,0,438.4,0,26.5,13.5,1560
2015,205,52531,0,473.6,0,25.5,11,1320
2015,206,52186,0,467.2,0,26.5,12,1400
2015,207,52186,2,390.4,0,26,15,1720
2015,208,52186,5,300.8,0,27,15.5,1760
2015,209,51840,18,304,0,28.5,16.5,1880
2015,210,51840,6,329.6,0,31.5,17,1920
2015,211,51840,0,432,0,32,17.5,2000
2015,212,51494,12,310.4,0,29,16,1800
2015,213,51494,0,435.2,0,28.5,14.5,1640
2015,214,51149,3,352,0,28,12,1400
2015,215,51149,0,464,0,29.5,13.5,1560
2015,216,51149,0,412.8,0,30,16.5,1880
2015,217,50803,9,336,0,28,13,1480
2015,218,50803,0,425.6,0,26,12.5,1440
2015,219,50458,0,432,0,25.5,11.5,1360
2015,220,50458,0,435.2,0,27,12.5,1440
2015,221,50458,0,403.2,0,26.5,13.5,1560
2015,222,50112,0,403.2,0,26.5,13.5,1560
2015,223,50112,4,243.2,0,27,17,1920
2015,224,49766,35,230.4,0,25,16,1800
2015,225,49766,0,416,0,26.5,13,1480
2015,226,49421,0,438.4,0,26.5,11.5,1360
2015,227,49421,0,444.8,0,29.5,13.5,1560
2015,228,49421,10,275.2,0,29,17,1920
2015,229,49075,0,393.6,0,30.5,17,1920
2015,230,49075,0,393.6,0,32,18,2080
2015,231,48730,0,371.2,0,31.5,18.5,2120
2015,232,48730,0,304,0,30,20,2320
2015,233,48384,10,214.4,0,28,19,2200
2015,234,48384,7,294.4,0,26.5,13.5,1560
2015,235,48038,0,390.4,0,27,14,1600
2015,236,48038,2,310.4,0,25.5,16,1800
2015,237,47693,16,243.2,0,29,18.5,2120
2015,238,47693,17,281.6,0,27.5,15,1720
2015,239,47347,0,380.8,0,25,12.5,1440
2015,240,47347,0,393.6,0,24,11,1320
2015,241,47002,0,428.8,0,25,10,1240
2015,242,47002,0,419.2,0,26.5,11.5,1360
2015,243,46656,0,374.4,0,28,15,1720
2015,244,46656,0,390.4,0,29,15,1720
2015,245,46310,0,412.8,0,29.5,14,1600
2015,246,46310,0,400,0,30,15,1720
2015,247,45965,0,371.2,0,30,16.5,1880
2015,248,45965,0,412.8,0,25.5,10.5,1280
2015,249,45619,0,428.8,0,27.5,10.5,1280
2015,250,45619,0,432,0,30,12,1400
2015,251,45274,0,412.8,0,32,14.5,1640
2015,252,45274,0,377.6,0,33,17.5,2000
2015,253,44928,12,246.4,0,30.5,18,2080
2015,254,44928,27,188.8,0,23.5,15,1720
2015,255,44582,0,355.2,0,25,12,1400
2015,256,44582,8,249.6,0,24.5,12.5,1440
2015,257,44237,30,208,0,19.5,10.5,1280
2015,258,44237,0,313.6,0,20.5,10,1240
2015,259,43891,0,393.6,0,26.5,10.5,1280
2015,260,43891,0,387.2,0,28,12,1400
2015,261,43546,0,387.2,0,28.5,12,1400
2015,262,43546,0,377.6,0,28,12,1400
2015,263,43200,0,332.8,0,25.5,12.5,1440
2015,264,43200,0,371.2,0,21.5,6.5,960
2015,265,42854,0,323.2,0,19.5,7.5,1040
2015,266,42854,0,336,0,20,7,1000
2015,267,42509,0,380.8,0,24.5,7.5,1040
2015,268,42509,0,364.8,0,24,8,1080
2015,269,42163,0,313.6,0,20.5,8,1080
2015,270,42163,0,377.6,0,19.5,2.5,720
2015,271,41818,0,387.2,0,22,3.5,800
2015,272,41818,0,326.4,0,24.5,10,1240
2015,273,41472,78,169.6,0,26,16.5,1880
2015,274,41472,34,211.2,0,20.5,9,1160
2015,275,41126,0,214.4,0,15.5,7.5,1040
2015,276,41126,4,96,0,11.5,7,1000
2015,277,40781,1,156.8,0,12,6.5,960
2015,278,40781,0,304,0,15,3,760
2015,279,40435,0,329.6,0,17.5,3.5,800
2015,280,40435,0,336,0,20,5,880
2015,281,40090,0,329.6,0,20,5.5,920
2015,282,40090,0,313.6,0,19.5,6,920
2015,283,39744,7,230.4,0,17,4,800
2015,284,39744,0,323.2,0,16,1.5,680
2015,285,39398,0,345.6,0,20,2.5,720
2015,286,39398,0,332.8,0,22.5,5.5,920
2015,287,39053,1,268.8,0,19,7,1000
2015,288,39053,0,323.2,0,16.5,0.5,640
2015,289,38707,1,304,0,15.5,1,640
2015,290,38707,1,262.4,0,13.5,2,720
2015,291,38362,0,294.4,0,10,-3.5,480
2015,292,38362,0,288,0,5.5,-7.5,360
2015,293,38016,0,304,0,10,-5,440
2015,294,38016,0,262.4,0,17.5,5,880
2015,295,37670,1,211.2,0,17,7.5,1040
2015,296,37670,1,291.2,0,19,3.5,800
2015,297,37325,0,284.8,0,10.5,-3.5,480
2015,298,37325,7,182.4,0,10,-1,560
2015,299,36979,2,291.2,0,14,-1.5,560
2015,300,36979,0,288,0,12.5,-3,480
2015,301,36979,0,288,0,13,-2.5,520
2015,302,36634,59,211.2,0,19,3,760
2015,303,36634,4,198.4,0,20,5,880
2015,304,36288,0,278.4,0,12.5,-3.5,480
2015,305,36288,1,256,0,12,-2,520
2015,306,35942,0,220.8,0,15.5,3.5,800
2015,307,35942,0,265.6,0,18,1,640
2015,308,35942,0,268.8,0,21,2.5,720
2015,309,35597,0,252.8,0,20,3.5,800
2015,310,35597,0,224,0,21.5,7.5,1040
2015,311,35251,0,198.4,0,21,9,1160
2015,312,35251,0,198.4,0,13,1.5,680
2015,313,35251,0,233.6,0,11.5,-3,480
2015,314,34906,0,236.8,0,13.5,-2,520
2015,315,34906,6,115.2,0,11,2.5,720
2015,316,34560,8,64,0,10,5.5,920
2015,317,34560,5,83.2,0,11.5,5.5,920
2015,318,34560,1,147.2,0,11,3,760
2015,319,34214,0,124.8,0,5.5,-1,560
2015,320,34214,0,211.2,0,12.5,-0.5,600
2015,321,34214,0,246.4,0,13.5,-4.5,440
2015,322,33869,0,224,0,8,-6.5,360
2015,323,33869,0,201.6,0,9,-3.5,480
2015,324,33869,30,99.2,0,12.5,5,880
2015,325,33523,0,208,0,11,-2.5,520
2015,326,33523,1,169.6,0,8.5,-1.5,560
2015,327,33523,0,169.6,0,7.5,-2.5,520
2015,328,33178,0,185.6,0,3,-8,320
2015,329,33178,0,204.8,0,5.5,-7.5,360
2015,330,33178,0,204.8,0,7.5,-6,400
2015,331,33178,0,192,0,12.5,0,600
2015,332,32832,0,172.8,0,16.5,5.5,920
2015,333,32832,3,156.8,0,9.5,-5,440
2015,334,32832,0,185.6,0,5,-6.5,360
2015,335,32832,0,134.4,0,1.5,-6,400
2015,336,32832,8,76.8,0,3.5,-2,520
2015,337,32486,14,64,0,7,2.5,720
2015,338,32486,0,147.2,0,6.5,-1.5,560
2015,339,32486,0,179.2,0,7,-3.5,480
2015,340,32486,0,211.2,0,10,-4.5,440
2015,341,32486,0,204.8,0,10,-4,440
2015,342,32141,0,195.2,0,9.5,-3,480
2015,343,32141,0,105.6,0,5.5,0,600
2015,344,32141,2,134.4,0,8,1,640
2015,345,32141,0,169.6,0,12,2,720
2015,346,32141,0,172.8,0,12,1.5,680
2015,347,32141,0,153.6,0,13.5,4.5,840
2015,348,32141,0,76.8,0,11,7,1000
2015,349,32141,14,92.8,0,13.5,6.5,960
2015,350,32141,0,166.4,0,11,1,640
2015,351,32141,2,115.2,0,8,2,720
2015,352,32141,13,76.8,0,8.5,3.5,800
2015,353,32141,0,121.6,0,5.5,-0.5,600
2015,354,32141,0,96,0,2,-2.5,520
2015,355,32141,0,169.6,0,4,-5,440
2015,356,32141,3,124.8,0,8.5,-0.5,600
2015,357,32141,8,124.8,0,12,3,760
2015,358,32141,32,115.2,0,12.5,4.5,840
2015,359,32141,0,204.8,0,17.5,3,760
2015,360,32141,0,204.8,0,15,1,640
2015,361,32141,6,118.4,0,9.5,1.5,680
2015,362,32141,2,185.6,0,8,-2,520
2015,363,32141,19,92.8,0,0,-5.5,400
2015,364,32141,8,73.6,0,-0.5,-4.5,440
2015,365,32141,4,80,0,2,-2.5,520
2016,1,32141,0,134.4,40,4.5,-1,560
2016,2,32141,0,134.4,36,2.5,-3,480
2016,3,32486,0,156.8,36,2.5,-4,440
2016,4,32486,0,217.6,36,3,-7,360
2016,5,32486,0,236.8,36,-4.5,-16,160
2016,6,32486,0,249.6,36,-2.5,-15.5,200
2016,7,32486,0,265.6,36,3.5,-13,240
2016,8,32486,0,259.2,36,4,-10.5,280
2016,9,32832,0,192,36,3,-5,440
2016,10,32832,6,112,32,6.5,0.5,640
2016,11,32832,30,188.8,32,8,-5,440
2016,12,32832,0,214.4,32,-1,-10,280
2016,13,33178,3,144,36,-2,-9.5,280
2016,14,33178,0,192,36,-3.5,-11,280
2016,15,33178,0,220.8,36,0,-9,320
2016,16,33178,6,144,36,3.5,-4,440
2016,17,33523,9,112,32,3,-2.5,520
2016,18,33523,1,198.4,36,-0.5,-8,320
2016,19,33523,0,179.2,36,-5,-11.5,240
2016,20,33523,0,182.4,36,-5,-11.5,240
2016,21,33869,0,240,36,-1.5,-11,280
2016,22,33869,0,256,36,-1.5,-12,240
2016,23,33869,0,217.6,36,-2.5,-10.5,280
2016,24,34214,0,198.4,36,-2.5,-9.5,280
2016,25,34214,0,278.4,36,2,-10,280
2016,26,34214,0,281.6,36,4,-8,320
2016,27,34560,0,256,32,6.5,-3.5,480
2016,28,34560,0,307.2,32,5,-9.5,280
2016,29,34906,0,288,32,4.5,-7.5,360
2016,30,34906,0,240,32,3,-5.5,400
2016,31,34906,0,265.6,32,5,-5,440
2016,32,35251,0,288,32,11,-1,560
2016,33,35251,0,320,32,11.5,-4.5,440
2016,34,35597,4,224,28,9,-3.5,480
2016,35,35597,17,217.6,28,12.5,0.5,640
2016,36,35597,3,195.2,24,7.5,-2,520
2016,37,35942,6,240,32,1.5,-11.5,240
2016,38,35942,0,332.8,32,4,-10,280
2016,39,36288,0,329.6,32,5.5,-8,320
2016,40,36288,6,156.8,36,-3,-9.5,280
2016,41,36288,2,275.2,40,-0.5,-9.5,280
2016,42,36634,1,288,40,0.5,-9,320
2016,43,36634,0,352,40,-5.5,-19,120
2016,44,36979,0,352,40,-6,-19.5,120
2016,45,36979,0,377.6,40,-9.5,-26,80
2016,46,37325,0,361.6,40,-11.5,-25.5,80
2016,47,37325,13,300.8,52,1.5,-19.5,120
2016,48,37670,21,249.6,52,9.5,-3,480
2016,49,37670,0,284.8,52,2.5,-7,360
2016,50,38016,0,342.4,52,0,-12.5,240
2016,51,38016,2,361.6,52,5,-9,320
2016,52,38016,0,326.4,52,13,1,640
2016,53,38362,0,323.2,48,8,-3.5,480
2016,54,38362,0,310.4,48,4.5,-6,400
2016,55,38707,8,188.8,48,4,-4,440
2016,56,38707,62,284.8,48,14.5,-0.5,600
2016,57,39053,6,291.2,44,11,-4.5,440
2016,58,39053,0,275.2,44,-0.5,-9,320
2016,59,39398,0,345.6,44,5,-6.5,360
2016,60,39398,0,374.4,44,12,-1.5,560
2016,61,39744,0,384,44,9.5,-4.5,440
2016,62,39744,17,252.8,44,6,-5,440
2016,63,40090,0,368,44,3.5,-8.5,320
2016,64,40090,0,262.4,44,-0.5,-8,320
2016,65,40435,0,310.4,44,1,-8,320
2016,66,40435,0,336,44,3,-7,360
2016,67,40781,0,400,44,6.5,-6.5,360
2016,68,40781,0,412.8,40,11.5,-2.5,520
2016,69,41126,0,444.8,40,17.5,0.5,640
2016,70,41126,0,454.4,36,24,4,800
2016,71,41472,5,249.6,28,17,6.5,960
2016,72,41472,0,457.6,28,14,-4,440
2016,73,41818,0,444.8,28,16.5,-0.5,600
2016,74,41818,2,371.2,24,15,3,760
2016,75,42163,16,102.4,20,5,1.5,680
2016,76,42163,2,272,16,9.5,2,720
2016,77,42509,8,313.6,12,16.5,3,760
2016,78,42509,2,425.6,8,14,0.5,640
2016,79,42854,2,432,8,8,-5.5,400
2016,80,42854,0,409.6,8,5,-7,360
2016,81,43200,1,380.8,8,5,-5.5,400
2016,82,43546,0,393.6,8,8,-3,480
2016,83,43546,0,425.6,4,11,-1.5,560
2016,84,43891,0,460.8,4,15.5,0.5,640
2016,85,43891,3,272,0,10.5,0.5,640
2016,86,44237,2,374.4,0,11.5,-0.5,600
2016,87,44237,0,380.8,0,11,-1,560
2016,88,44582,2,323.2,0,11,1.5,680
2016,89,44582,14,179.2,0,7.5,1,640
2016,90,44928,0,435.2,0,9,-5.5,400
2016,91,44928,0,470.4,0,16,-2.5,520
2016,92,45274,0,390.4,0,21,8,1080
2016,93,45274,4,326.4,0,20,4.5,840
2016,94,45619,8,268.8,0,8.5,-2,520
2016,95,45619,3,220.8,4,0,-7,360
2016,96,45965,11,227.2,16,-3,-10,280
2016,97,45965,0,489.6,16,2.5,-11,280
2016,98,46310,0,505.6,16,8,-6.5,360
2016,99,46310,18,265.6,12,11,2.5,720
2016,100,46656,0,444.8,8,7,-4,440
2016,101,46656,0,483.2,8,8,-4.5,440
2016,102,47002,2,435.2,8,9,-1.5,560
2016,103,47002,8,316.8,4,12,2,720
2016,104,47347,5,396.8,4,11,-3.5,480
2016,105,47347,0,492.8,0,12.5,-0.5,600
2016,106,47693,0,502.4,0,15,-2.5,520
2016,107,47693,0,508.8,0,17,-1.5,560
2016,108,48038,0,518.4,0,18.5,-1.5,560
2016,109,48038,0,528,0,24.5,1,640
2016,110,48384,0,480,0,24,6.5,960
2016,111,48384,0,460.8,0,16.5,1.5,680
2016,112,48384,0,512,0,19,-0.5,600
2016,113,48730,0,508.8,0,24.5,4,800
2016,114,48730,8,300.8,0,23,10,1240
2016,115,49075,0,486.4,0,16.5,-0.5,600
2016,116,49075,0,416,0,15.5,2.5,720
2016,117,49421,3,236.8,0,14,5,880
2016,118,49421,10,243.2,0,8.5,-0.5,600
2016,119,49766,0,502.4,0,16,-2,520
2016,120,49766,0,448,0,16.5,2,720
2016,121,50112,0,409.6,0,16.5,4,800
2016,122,50112,0,384,0,17,5.5,920
2016,123,50112,2,195.2,0,9,4,800
2016,124,50458,16,147.2,0,10,5,880
2016,125,50458,2,144,0,10,6.5,960
2016,126,50803,5,108.8,0,9,5.5,920
2016,127,50803,0,256,0,12.5,6,920
2016,128,50803,14,256,0,16.5,7.5,1040
2016,129,51149,2,259.2,0,13.5,7,1000
2016,130,51149,1,432,0,15.5,3.5,800
2016,131,51494,0,528,0,17.5,-0.5,600
2016,132,51494,0,534.4,0,21.5,2,720
2016,133,51494,0,531.2,0,25.5,5,880
2016,134,51840,0,502.4,0,25.5,7.5,1040
2016,135,51840,10,313.6,0,20.5,8,1080
2016,136,52186,5,358.4,0,20.5,5,880
2016,137,52186,0,400,0,14,3,760
2016,138,52186,0,428.8,0,15,3,760
2016,139,52531,0,489.6,0,19.5,4.5,840
2016,140,52531,0,457.6,0,21.5,8,1080
2016,141,52531,5,368,0,20.5,5.5,920
2016,142,52877,0,518.4,0,22.5,5.5,920
2016,143,52877,0,444.8,0,21,8.5,1120
2016,144,52877,0,486.4,0,23.5,8.5,1120
2016,145,52877,3,355.2,0,25.5,11,1320
2016,146,53222,3,288,0,20.5,10.5,1280
2016,147,53222,0,502.4,0,29,12,1360
2016,148,53222,0,467.2,0,31,15.5,1680
2016,149,53222,0,432,0,30.5,17,1920
2016,150,53568,0,448,0,31.5,17,1880
2016,151,53568,7,272,0,25.5,15.5,1760
2016,152,53568,10,300.8,0,26.5,15,1720
2016,153,53568,0,508.8,0,28,10.5,1200
2016,154,53914,0,476.8,0,26.5,11,1280
2016,155,53914,1,412.8,0,25,12.5,1440
2016,156,53914,0,316.8,0,23,14,1600
2016,157,53914,3,281.6,0,26.5,15,1720
2016,158,53914,32,150.4,0,20.5,15,1720
2016,159,53914,2,435.2,0,26.5,12.5,1440
2016,160,54259,0,419.2,0,24.5,11.5,1360
2016,161,54259,0,342.4,0,19,9.5,1200
2016,162,54259,0,419.2,0,19,7,1000
2016,163,54259,0,483.2,0,21.5,6.5,960
2016,164,54259,8,233.6,0,18,10,1240
2016,165,54259,0,400,0,21,10,1240
2016,166,54259,0,428.8,0,20.5,8.5,1120
2016,167,54259,0,470.4,0,25,10.5,1280
2016,168,54259,0,470.4,0,27,12,1400
2016,169,54259,0,476.8,0,28,12.5,1400
2016,170,54259,0,508.8,0,27.5,10,1160
2016,171,54259,0,508.8,0,29,11,1240
2016,172,54259,0,502.4,0,29.5,12,1320
2016,173,54259,1,467.2,0,29.5,14,1560
2016,174,54259,0,521.6,0,26.5,8,1040
2016,175,54259,0,502.4,0,25,8,1040
2016,176,54259,0,499.2,0,27.5,10,1160
2016,177,54259,0,499.2,0,28,10.5,1200
2016,178,54259,0,499.2,0,30,12,1320
2016,179,54259,0,470.4,0,30.5,14,1520
2016,180,54259,1,329.6,0,27.5,17.5,2000
2016,181,54259,4,217.6,0,26,17.5,2000
2016,182,54259,0,441.6,0,28,13.5,1520
2016,183,54259,0,470.4,0,28.5,12.5,1400
2016,184,54259,3,326.4,0,27,13,1480
2016,185,54259,0,457.6,0,24,9.5,1160
2016,186,53914,0,489.6,0,27.5,10.5,1160
2016,187,53914,8,329.6,0,29.5,14.5,1640
2016,188,53914,0,432,0,30.5,15.5,1680
2016,189,53914,0,416,0,32,17.5,1920
2016,190,53914,4,278.4,0,30.5,18,2080
2016,191,53568,3,281.6,0,26,14,1600
2016,192,53568,7,121.6,0,18.5,14,1600
2016,193,53568,6,272,0,23.5,12.5,1440
2016,194,53568,0,448,0,26,11,1240
2016,195,53568,0,444.8,0,29.5,14,1480
2016,196,53222,0,368,0,31,18.5,2080
2016,197,53222,9,230.4,0,29.5,19.5,2280
2016,198,53222,3,310.4,0,31.5,17,1920
2016,199,53222,1,352,0,29.5,18,2080
2016,200,52877,0,422.4,0,30.5,16,1760
2016,201,52877,0,425.6,0,30.5,16,1760
2016,202,52877,0,470.4,0,25.5,9.5,1120
2016,203,52531,0,473.6,0,27,10.5,1200
2016,204,52531,0,451.2,0,31,15,1600
2016,205,52531,0,451.2,0,33.5,17,1760
2016,206,52186,2,473.6,0,32,14.5,1480
2016,207,52186,0,467.2,0,31.5,14.5,1520
2016,208,52186,0,438.4,0,32.5,17,1800
2016,209,51840,0,432,0,31.5,16.5,1720
2016,210,51840,0,460.8,0,32.5,15.5,1600
2016,211,51840,2,390.4,0,31.5,18,1960
2016,212,51494,3,297.6,0,29.5,16,1800
2016,213,51494,11,259.2,0,27.5,16.5,1880
2016,214,51149,23,144,0,22.5,17,1920
2016,215,51149,33,172.8,0,22,15.5,1760
2016,216,51149,2,390.4,0,25,13,1480
2016,217,50803,0,454.4,0,27.5,12,1400
2016,218,50803,0,454.4,0,29,13,1480
2016,219,50458,0,412.8,0,30,16,1800
2016,220,50458,2,425.6,0,29.5,15,1720
2016,221,50458,0,428.8,0,28,13.5,1560
2016,222,50112,0,464,0,28.5,11.5,1320
2016,223,50112,0,412.8,0,29.5,15,1720
2016,224,49766,12,211.2,0,28,19,2200
2016,225,49766,0,320,0,32.5,21.5,2560
2016,226,49421,5,249.6,0,32.5,21,2480
2016,227,49421,16,256,0,33,21,2480
2016,228,49421,0,393.6,0,31.5,17.5,2000
2016,229,49075,1,358.4,0,29,17,1920
2016,230,49075,2,300.8,0,27,17.5,2000
2016,231,48730,0,368,0,27,15,1720
2016,232,48730,0,400,0,30,16,1800
2016,233,48384,0,435.2,0,29.5,13.5,1560
2016,234,48384,0,390.4,0,29.5,16,1800
2016,235,48038,19,265.6,0,26.5,15,1720
2016,236,48038,0,432,0,23,8.5,1120
2016,237,47693,0,457.6,0,26.5,9.5,1200
2016,238,47693,0,432,0,29.5,13.5,1560
2016,239,47347,0,364.8,0,29.5,17,1920
2016,240,47347,0,412.8,0,30,15,1720
2016,241,47002,0,409.6,0,30,15,1720
2016,242,47002,0,390.4,0,30,16,1800
2016,243,46656,0,444.8,0,28,10.5,1280
2016,244,46656,0,396.8,0,27,12.5,1440
2016,245,46310,0,313.6,0,25.5,15,1720
2016,246,46310,1,403.2,0,26,11,1320
2016,247,45965,0,403.2,0,25.5,10.5,1280
2016,248,45965,0,377.6,0,24,10.5,1280
2016,249,45619,0,406.4,0,26,10.5,1280
2016,250,45619,0,361.6,0,25.5,12.5,1440
2016,251,45274,0,240,0,25.5,17.5,2000
2016,252,45274,0,313.6,0,27,16,1800
2016,253,44928,4,252.8,0,30,17.5,2000
2016,254,44928,0,329.6,0,30.5,18,2080
2016,255,44582,2,294.4,0,28,17.5,2000
2016,256,44582,8,316.8,0,24.5,7,1000
2016,257,44237,0,422.4,0,25.5,7.5,1040
2016,258,44237,0,409.6,0,28,10,1240
2016,259,43891,2,422.4,0,27,7.5,1040
2016,260,43891,0,396.8,0,22,5.5,920
2016,261,43546,0,400,0,24,6.5,960
2016,262,43546,0,342.4,0,25,11,1320
2016,263,43200,33,112,0,24,18.5,2120
2016,264,43200,10,134.4,0,23,16.5,1880
2016,265,42854,0,320,0,26.5,13.5,1560
2016,266,42854,0,371.2,0,26.5,10,1240
2016,267,42509,0,371.2,0,28,11,1320
2016,268,42509,0,371.2,0,24.5,8,1080
2016,269,42163,0,364.8,0,18.5,3,760
2016,270,42163,0,387.2,0,18,0.5,640
2016,271,41818,12,278.4,0,19.5,3,760
2016,272,41818,0,304,0,21.5,9,1160
2016,273,41472,0,166.4,0,15.5,9.5,1200
2016,274,41472,0,227.2,0,17.5,9,1160
2016,275,41126,9,144,0,15,8,1080
2016,276,41126,2,118.4,0,12.5,8.5,1120
2016,277,40781,1,131.2,0,15,10.5,1280
2016,278,40781,4,179.2,0,20.5,11.5,1360
2016,279,40435,0,320,0,18,5,880
2016,280,40435,0,352,0,20,4,800
2016,281,40090,0,361.6,0,22.5,4.5,840
2016,282,40090,0,342.4,0,22,5.5,920
2016,283,39744,2,268.8,0,17.5,6.5,960
2016,284,39744,7,166.4,0,13,4.5,840
2016,285,39398,0,329.6,0,14,-1,560
2016,286,39398,0,348.8,0,18,0,600
2016,287,39053,0,310.4,0,19,4.5,840
2016,288,39053,0,329.6,0,18.5,2,720
2016,289,38707,0,329.6,0,14.5,-1.5,560
2016,290,38707,0,336,0,16.5,-1,560
2016,291,38362,0,313.6,0,20.5,4.5,840
2016,292,38362,0,256,0,23,11,1320
2016,293,38016,0,249.6,0,24.5,12.5,1440
2016,294,38016,0,300.8,0,22.5,6,920
2016,295,37670,2,243.2,0,18.5,7,1000
2016,296,37670,5,163.2,0,18.5,8.5,1120
2016,297,37325,6,140.8,0,11.5,3.5,800
2016,298,37325,0,198.4,0,12.5,4,800
2016,299,36979,0,265.6,0,12,-0.5,600
2016,300,36979,0,240,0,8,-2.5,520
2016,301,36979,0,249.6,0,6.5,-4.5,440
2016,302,36634,30,115.2,0,4.5,-1.5,560
2016,303,36634,0,182.4,0,8,0.5,640
2016,304,36288,0,227.2,0,13,2.5,720
2016,305,36288,1,265.6,0,15.5,1.5,680
2016,306,35942,0,268.8,0,10,-4.5,440
2016,307,35942,0,262.4,0,12.5,-2,520
2016,308,35942,0,243.2,0,19,5,880
2016,309,35597,0,188.8,0,15,5.5,920
2016,310,35597,0,259.2,0,12,-3,480
2016,311,35251,3,166.4,0,11,-0.5,600
2016,312,35251,0,227.2,0,9,-3,480
2016,313,35251,0,252.8,0,11.5,-3.5,480
2016,314,34906,0,265.6,0,16.5,-2,520
2016,315,34906,2,214.4,0,10,-2,520
2016,316,34560,0,220.8,0,11.5,-1,560
2016,317,34560,0,240,0,11.5,-3.5,480
2016,318,34560,0,214.4,0,9,-3,480
2016,319,34214,0,256,0,14.5,-4,440
2016,320,34214,0,240,0,15,-1,560
2016,321,34214,23,83.2,0,9.5,4,800
2016,322,33869,0,188.8,0,11,0.5,640
2016,323,33869,0,220.8,0,13,-1,560
2016,324,33869,0,243.2,0,17,-1,560
2016,325,33523,13,166.4,0,14.5,-0.5,600
2016,326,33523,2,140.8,0,5,-2.5,520
2016,327,33523,0,64,0,0.5,-2.5,520
2016,328,33178,0,124.8,0,3,-3.5,480
2016,329,33178,0,150.4,0,3.5,-4.5,440
2016,330,33178,2,99.2,0,4,-1,560
2016,331,33178,0,105.6,0,5,-0.5,600
2016,332,32832,1,153.6,0,5.5,-3,480
2016,333,32832,2,204.8,0,5,-6,400
2016,334,32832,2,214.4,0,7,-5,440
2016,335,32832,21,112,0,8.5,0,600
2016,336,32832,48,76.8,0,9,3.5,800
2016,337,32486,0,169.6,0,9.5,-0.5,600
2016,338,32486,0,131.2,0,7,0,600
2016,339,32486,0,134.4,0,4.5,-2.5,520
2016,340,32486,3,118.4,0,3.5,-5,440
2016,341,32486,2,144,0,2.5,-5,440
2016,342,32141,4,121.6,0,5.5,-3.5,480
2016,343,32141,0,137.6,0,3.5,-3.5,480
2016,344,32141,0,131.2,0,2.5,-4,440
2016,345,32141,0,182.4,0,-0.5,-10.5,280
2016,346,32141,0,188.8,0,-2.5,-13,240
2016,347,32141,14,160,16,0.5,-10,280
2016,348,32141,4,121.6,12,3,-4,440
2016,349,32141,1,208,16,4,-6,400
2016,350,32141,0,227.2,16,0.5,-11,280
2016,351,32141,0,236.8,16,-6.5,-19.5,120
2016,352,32141,7,172.8,20,-6,-18,160
2016,353,32141,19,169.6,40,3.5,-8,320
2016,354,32141,5,192,44,6.5,-11.5,240
2016,355,32141,0,252.8,44,-5,-20,120
2016,356,32141,0,252.8,44,-2,-18,160
2016,357,32141,0,236.8,44,3.5,-10,280
2016,358,32141,2,176,44,3.5,-4.5,440
2016,359,32141,0,198.4,44,5.5,-4,440
2016,360,32141,9,124.8,44,5,-2.5,520
2016,361,32141,0,246.4,44,5,-10.5,280
2016,362,32141,2,249.6,44,8.5,-8.5,320
2016,363,32141,0,195.2,44,9,-1,560
2016,364,32141,0,153.6,40,2,-5,440
2016,365,32141,13,86.4,40,1,-4,440