#,Date,Temp
1,5/12/17 15:45,14.337
2,5/12/17 16:00,14.146
3,5/12/17 16:15,14.098
4,5/12/17 16:30,14.074
5,5/12/17 16:45,14.05
6,5/12/17 17:00,14.026
7,5/12/17 17:15,13.954
8,5/12/17 17:30,13.906
9,5/12/17 17:45,13.882
10,5/12/17 18:00,13.834
11,5/12/17 18:15,13.786
12,5/12/17 18:30,13.762
13,5/12/17 18:45,13.762
14,5/12/17 19:00,13.738
15,5/12/17 19:15,13.714
16,5/12/17 19:30,13.666
17,5/12/17 19:45,13.618
18,5/12/17 20:00,13.57
19,5/12/17 20:15,13.522
20,5/12/17 20:30,13.497
21,5/12/17 20:45,13.425
22,5/12/17 21:00,13.377
23,5/12/17 21:15,13.329
24,5/12/17 21:30,13.281
25,5/12/17 21:45,13.209
26,5/12/17 22:00,13.185
27,5/12/17 22:15,13.137
28,5/12/17 22:30,13.112
29,5/12/17 22:45,13.064
30,5/12/17 23:00,13.04
31,5/12/17 23:15,13.016
32,5/12/17 23:30,12.992
33,5/12/17 23:45,12.944
34,5/13/17 0:00,12.92
35,5/13/17 0:15,12.896
36,5/13/17 0:30,12.871
37,5/13/17 0:45,12.847
38,5/13/17 1:00,12.823
39,5/13/17 1:15,12.799
40,5/13/17 1:30,12.775
41,5/13/17 1:45,12.727
42,5/13/17 2:00,12.678
43,5/13/17 2:15,12.654
44,5/13/17 2:30,12.606
45,5/13/17 2:45,12.582
46,5/13/17 3:00,12.534
47,5/13/17 3:15,12.509
48,5/13/17 3:30,12.461
49,5/13/17 3:45,12.437
50,5/13/17 4:00,12.413
51,5/13/17 4:15,12.389
52,5/13/17 4:30,12.34
53,5/13/17 4:45,12.316
54,5/13/17 5:00,12.292
55,5/13/17 5:15,12.292
56,5/13/17 5:30,12.268
57,5/13/17 5:45,12.268
58,5/13/17 6:00,12.268
59,5/13/17 6:15,12.268
60,5/13/17 6:30,12.268
61,5/13/17 6:45,12.268
62,5/13/17 7:00,12.268
63,5/13/17 7:15,12.292
64,5/13/17 7:30,12.316
65,5/13/17 7:45,12.34
66,5/13/17 8:00,12.364
67,5/13/17 8:15,12.389
68,5/13/17 8:30,12.413
69,5/13/17 8:45,12.413
70,5/13/17 9:00,12.437
71,5/13/17 9:15,12.461
72,5/13/17 9:30,12.509
73,5/13/17 9:45,12.558
74,5/13/17 10:00,12.582
75,5/13/17 10:15,12.63
76,5/13/17 10:30,12.678
77,5/13/17 10:45,12.703
78,5/13/17 11:00,12.703
79,5/13/17 11:15,12.751
80,5/13/17 11:30,12.775
81,5/13/17 11:45,12.823
82,5/13/17 12:00,12.847
83,5/13/17 12:15,12.896
84,5/13/17 12:30,12.944
85,5/13/17 12:45,12.992
86,5/13/17 13:00,13.016
87,5/13/17 13:15,12.968
88,5/13/17 13:30,12.944
89,5/13/17 13:45,12.896
90,5/13/17 14:00,12.871
91,5/13/17 14:15,12.847
92,5/13/17 14:30,12.823
93,5/13/17 14:45,12.823
94,5/13/17 15:00,12.823
95,5/13/17 15:15,12.799
96,5/13/17 15:30,12.775
97,5/13/17 15:45,12.775
98,5/13/17 16:00,12.775
99,5/13/17 16:15,12.775
100,5/13/17 16:30,12.751
101,5/13/17 16:45,12.751
102,5/13/17 17:00,12.703
103,5/13/17 17:15,12.703
104,5/13/17 17:30,12.703
105,5/13/17 17:45,12.703
106,5/13/17 18:00,12.678
107,5/13/17 18:15,12.654
108,5/13/17 18:30,12.654
109,5/13/17 18:45,12.63
110,5/13/17 19:00,12.606
111,5/13/17 19:15,12.582
112,5/13/17 19:30,12.534
113,5/13/17 19:45,12.485
114,5/13/17 20:00,12.461
115,5/13/17 20:15,12.413
116,5/13/17 20:30,12.364
117,5/13/17 20:45,12.316
118,5/13/17 21:00,12.243
119,5/13/17 21:15,12.147
120,5/13/17 21:30,12.025
121,5/13/17 21:45,11.904
122,5/13/17 22:00,11.807
123,5/13/17 22:15,11.759
124,5/13/17 22:30,11.734
125,5/13/17 22:45,11.686
126,5/13/17 23:00,11.589
127,5/13/17 23:15,11.492
128,5/13/17 23:30,11.467
129,5/13/17 23:45,11.467
130,5/14/17 0:00,11.492
131,5/14/17 0:15,11.467
132,5/14/17 0:30,11.394
133,5/14/17 0:45,11.346
134,5/14/17 1:00,11.297
135,5/14/17 1:15,11.248
136,5/14/17 1:30,11.224
137,5/14/17 1:45,11.151
138,5/14/17 2:00,11.127
139,5/14/17 2:15,11.127
140,5/14/17 2:30,11.151
141,5/14/17 2:45,11.151
142,5/14/17 3:00,11.175
143,5/14/17 3:15,11.2
144,5/14/17 3:30,11.2
145,5/14/17 3:45,11.2
146,5/14/17 4:00,11.2
147,5/14/17 4:15,11.2
148,5/14/17 4:30,11.175
149,5/14/17 4:45,11.151
150,5/14/17 5:00,11.127
151,5/14/17 5:15,11.102
152,5/14/17 5:30,11.053
153,5/14/17 5:45,11.029
154,5/14/17 6:00,11.005
155,5/14/17 6:15,10.98
156,5/14/17 6:30,10.956
157,5/14/17 6:45,10.932
158,5/14/17 7:00,10.907
159,5/14/17 7:15,10.883
160,5/14/17 7:30,10.883
161,5/14/17 7:45,10.883
162,5/14/17 8:00,10.883
163,5/14/17 8:15,10.883
164,5/14/17 8:30,10.883
165,5/14/17 8:45,10.907
166,5/14/17 9:00,10.883
167,5/14/17 9:15,10.858
168,5/14/17 9:30,10.858
169,5/14/17 9:45,10.834
170,5/14/17 10:00,10.81
171,5/14/17 10:15,10.81
172,5/14/17 10:30,10.785
173,5/14/17 10:45,10.785
174,5/14/17 11:00,10.761
175,5/14/17 11:15,10.761
176,5/14/17 11:30,10.785
177,5/14/17 11:45,10.834
178,5/14/17 12:00,10.883
179,5/14/17 12:15,10.907
180,5/14/17 12:30,10.98
181,5/14/17 12:45,11.053
182,5/14/17 13:00,11.151
183,5/14/17 13:15,11.248
184,5/14/17 13:30,11.321
185,5/14/17 13:45,11.37
186,5/14/17 14:00,11.467
187,5/14/17 14:15,11.565
188,5/14/17 14:30,11.662
189,5/14/17 14:45,11.734
190,5/14/17 15:00,11.807
191,5/14/17 15:15,11.88
192,5/14/17 15:30,11.904
193,5/14/17 15:45,11.953
194,5/14/17 16:00,12.001
195,5/14/17 16:15,12.074
196,5/14/17 16:30,12.122
197,5/14/17 16:45,12.195
198,5/14/17 17:00,12.268
199,5/14/17 17:15,12.316
200,5/14/17 17:30,12.364
201,5/14/17 17:45,12.364
202,5/14/17 18:00,12.413
203,5/14/17 18:15,12.437
204,5/14/17 18:30,12.485
205,5/14/17 18:45,12.509
206,5/14/17 19:00,12.534
207,5/14/17 19:15,12.558
208,5/14/17 19:30,12.558
209,5/14/17 19:45,12.534
210,5/14/17 20:00,12.534
211,5/14/17 20:15,12.534
212,5/14/17 20:30,12.534
213,5/14/17 20:45,12.509
214,5/14/17 21:00,12.509
215,5/14/17 21:15,12.485
216,5/14/17 21:30,12.461
217,5/14/17 21:45,12.461
218,5/14/17 22:00,12.437
219,5/14/17 22:15,12.437
220,5/14/17 22:30,12.413
221,5/14/17 22:45,12.389
222,5/14/17 23:00,12.364
223,5/14/17 23:15,12.34
224,5/14/17 23:30,12.316
225,5/14/17 23:45,12.316
226,5/15/17 0:00,12.292
227,5/15/17 0:15,12.268
228,5/15/17 0:30,12.243
229,5/15/17 0:45,12.219
230,5/15/17 1:00,12.195
231,5/15/17 1:15,12.195
232,5/15/17 1:30,12.171
233,5/15/17 1:45,12.147
234,5/15/17 2:00,12.122
235,5/15/17 2:15,12.098
236,5/15/17 2:30,12.074
237,5/15/17 2:45,12.074
238,5/15/17 3:00,12.05
239,5/15/17 3:15,12.025
240,5/15/17 3:30,12.001
241,5/15/17 3:45,11.977
242,5/15/17 4:00,11.977
243,5/15/17 4:15,11.953
244,5/15/17 4:30,11.929
245,5/15/17 4:45,11.904
246,5/15/17 5:00,11.88
247,5/15/17 5:15,11.88
248,5/15/17 5:30,11.856
249,5/15/17 5:45,11.832
250,5/15/17 6:00,11.832
251,5/15/17 6:15,11.783
252,5/15/17 6:30,11.783
253,5/15/17 6:45,11.783
254,5/15/17 7:00,11.759
255,5/15/17 7:15,11.759
256,5/15/17 7:30,11.759
257,5/15/17 7:45,11.759
258,5/15/17 8:00,11.759
259,5/15/17 8:15,11.759
260,5/15/17 8:30,11.759
261,5/15/17 8:45,11.759
262,5/15/17 9:00,11.759
263,5/15/17 9:15,11.783
264,5/15/17 9:30,11.807
265,5/15/17 9:45,11.832
266,5/15/17 10:00,11.832
267,5/15/17 10:15,11.856
268,5/15/17 10:30,11.88
269,5/15/17 10:45,11.904
270,5/15/17 11:00,11.953
271,5/15/17 11:15,12.001
272,5/15/17 11:30,12.098
273,5/15/17 11:45,12.219
274,5/15/17 12:00,12.292
275,5/15/17 12:15,12.364
276,5/15/17 12:30,12.461
277,5/15/17 12:45,12.534
278,5/15/17 13:00,12.582
279,5/15/17 13:15,12.703
280,5/15/17 13:30,12.847
281,5/15/17 13:45,12.92
282,5/15/17 14:00,12.992
283,5/15/17 14:15,12.992
284,5/15/17 14:30,13.04
285,5/15/17 14:45,13.088
286,5/15/17 15:00,13.161
287,5/15/17 15:15,13.209
288,5/15/17 15:30,13.233
289,5/15/17 15:45,13.281
290,5/15/17 16:00,13.305
291,5/15/17 16:15,13.305
292,5/15/17 16:30,13.329
293,5/15/17 16:45,13.377
294,5/15/17 17:00,13.425
295,5/15/17 17:15,13.425
296,5/15/17 17:30,13.377
297,5/15/17 17:45,13.377
298,5/15/17 18:00,13.377
299,5/15/17 18:15,13.401
300,5/15/17 18:30,13.401
301,5/15/17 18:45,13.401
302,5/15/17 19:00,13.353
303,5/15/17 19:15,13.305
304,5/15/17 19:30,13.281
305,5/15/17 19:45,13.257
306,5/15/17 20:00,13.257
307,5/15/17 20:15,13.233
308,5/15/17 20:30,13.209
309,5/15/17 20:45,13.185
310,5/15/17 21:00,13.161
311,5/15/17 21:15,13.137
312,5/15/17 21:30,13.088
313,5/15/17 21:45,13.064
314,5/15/17 22:00,12.992
315,5/15/17 22:15,12.944
316,5/15/17 22:30,12.92
317,5/15/17 22:45,12.871
318,5/15/17 23:00,12.847
319,5/15/17 23:15,12.799
320,5/15/17 23:30,12.775
321,5/15/17 23:45,12.751
322,5/16/17 0:00,12.703
323,5/16/17 0:15,12.678
324,5/16/17 0:30,12.654
325,5/16/17 0:45,12.606
326,5/16/17 1:00,12.582
327,5/16/17 1:15,12.558
328,5/16/17 1:30,12.534
329,5/16/17 1:45,12.509
330,5/16/17 2:00,12.461
331,5/16/17 2:15,12.461
332,5/16/17 2:30,12.437
333,5/16/17 2:45,12.413
334,5/16/17 3:00,12.389
335,5/16/17 3:15,12.364
336,5/16/17 3:30,12.316
337,5/16/17 3:45,12.268
338,5/16/17 4:00,12.243
339,5/16/17 4:15,12.219
340,5/16/17 4:30,12.171
341,5/16/17 4:45,12.147
342,5/16/17 5:00,12.098
343,5/16/17 5:15,12.074
344,5/16/17 5:30,12.05
345,5/16/17 5:45,12.025
346,5/16/17 6:00,11.977
347,5/16/17 6:15,11.977
348,5/16/17 6:30,11.953
349,5/16/17 6:45,11.977
350,5/16/17 7:00,11.977
351,5/16/17 7:15,12.001
352,5/16/17 7:30,12.05
353,5/16/17 7:45,12.122
354,5/16/17 8:00,12.195
355,5/16/17 8:15,12.268
356,5/16/17 8:30,12.364
357,5/16/17 8:45,12.437
358,5/16/17 9:00,12.509
359,5/16/17 9:15,12.534
360,5/16/17 9:30,12.558
361,5/16/17 9:45,12.63
362,5/16/17 10:00,12.799
363,5/16/17 10:15,12.944
364,5/16/17 10:30,13.04
365,5/16/17 10:45,13.112
366,5/16/17 11:00,13.161
367,5/16/17 11:15,13.281
368,5/16/17 11:30,13.497
369,5/16/17 11:45,13.762
370,5/16/17 12:00,13.978
371,5/16/17 12:15,14.17
372,5/16/17 12:30,14.337
373,5/16/17 12:45,14.529
374,5/16/17 13:00,14.673
375,5/16/17 13:15,14.721
376,5/16/17 13:30,14.721
377,5/16/17 13:45,14.745
378,5/16/17 14:00,14.792
379,5/16/17 14:15,14.84
380,5/16/17 14:30,14.96
381,5/16/17 14:45,15.055
382,5/16/17 15:00,15.127
383,5/16/17 15:15,15.127
384,5/16/17 15:30,15.127
385,5/16/17 15:45,15.294
386,5/16/17 16:00,15.533
387,5/16/17 16:15,15.652
388,5/16/17 16:30,15.652
389,5/16/17 16:45,15.629
390,5/16/17 17:00,15.676
391,5/16/17 17:15,15.748
392,5/16/17 17:30,15.796
393,5/16/17 17:45,15.819
394,5/16/17 18:00,15.867
395,5/16/17 18:15,15.867
396,5/16/17 18:30,15.819
397,5/16/17 18:45,15.772
398,5/16/17 19:00,15.724
399,5/16/17 19:15,15.676
400,5/16/17 19:30,15.676
401,5/16/17 19:45,15.676
402,5/16/17 20:00,15.676
403,5/16/17 20:15,15.652
404,5/16/17 20:30,15.629
405,5/16/17 20:45,15.605
406,5/16/17 21:00,15.557
407,5/16/17 21:15,15.509
408,5/16/17 21:30,15.461
409,5/16/17 21:45,15.39
410,5/16/17 22:00,15.342
411,5/16/17 22:15,15.294
412,5/16/17 22:30,15.223
413,5/16/17 22:45,15.175
414,5/16/17 23:00,15.151
415,5/16/17 23:15,15.103
416,5/16/17 23:30,15.055
417,5/16/17 23:45,15.031
418,5/17/17 0:00,14.984
419,5/17/17 0:15,14.96
420,5/17/17 0:30,14.912
421,5/17/17 0:45,14.888
422,5/17/17 1:00,14.84
423,5/17/17 1:15,14.792
424,5/17/17 1:30,14.745
425,5/17/17 1:45,14.697
426,5/17/17 2:00,14.649
427,5/17/17 2:15,14.601
428,5/17/17 2:30,14.577
429,5/17/17 2:45,14.529
430,5/17/17 3:00,14.505
431,5/17/17 3:15,14.481
432,5/17/17 3:30,14.433
433,5/17/17 3:45,14.385
434,5/17/17 4:00,14.337
435,5/17/17 4:15,14.266
436,5/17/17 4:30,14.194
437,5/17/17 4:45,14.146
438,5/17/17 5:00,14.122
439,5/17/17 5:15,14.098
440,5/17/17 5:30,14.074
441,5/17/17 5:45,14.05
442,5/17/17 6:00,14.05
443,5/17/17 6:15,14.05
444,5/17/17 6:30,14.026
445,5/17/17 6:45,14.026
446,5/17/17 7:00,14.05
447,5/17/17 7:15,14.074
448,5/17/17 7:30,14.098
449,5/17/17 7:45,14.146
450,5/17/17 8:00,14.194
451,5/17/17 8:15,14.218
452,5/17/17 8:30,14.29
453,5/17/17 8:45,14.361
454,5/17/17 9:00,14.433
455,5/17/17 9:15,14.481
456,5/17/17 9:30,14.553
457,5/17/17 9:45,14.673
458,5/17/17 10:00,14.792
459,5/17/17 10:15,14.912
460,5/17/17 10:30,15.008
461,5/17/17 10:45,15.103
462,5/17/17 11:00,15.199
463,5/17/17 11:15,15.342
464,5/17/17 11:30,15.557
465,5/17/17 11:45,15.748
466,5/17/17 12:00,15.963
467,5/17/17 12:15,16.177
468,5/17/17 12:30,16.344
469,5/17/17 12:45,16.487
470,5/17/17 13:00,16.63
471,5/17/17 13:15,16.773
472,5/17/17 13:30,16.987
473,5/17/17 13:45,17.106
474,5/17/17 14:00,17.177
475,5/17/17 14:15,17.272
476,5/17/17 14:30,17.391
477,5/17/17 14:45,17.463
478,5/17/17 15:00,17.51
479,5/17/17 15:15,17.582
480,5/17/17 15:30,17.653
481,5/17/17 15:45,17.748
482,5/17/17 16:00,17.915
483,5/17/17 16:15,18.105
484,5/17/17 16:30,18.224
485,5/17/17 16:45,18.295
486,5/17/17 17:00,18.343
487,5/17/17 17:15,18.366
488,5/17/17 17:30,18.461
489,5/17/17 17:45,18.461
490,5/17/17 18:00,18.39
491,5/17/17 18:15,18.39
492,5/17/17 18:30,18.438
493,5/17/17 18:45,18.461
494,5/17/17 19:00,18.438
495,5/17/17 19:15,18.39
496,5/17/17 19:30,18.343
497,5/17/17 19:45,18.295
498,5/17/17 20:00,18.295
499,5/17/17 20:15,18.319
500,5/17/17 20:30,18.295
501,5/17/17 20:45,18.295
502,5/17/17 21:00,18.271
503,5/17/17 21:15,18.224
504,5/17/17 21:30,18.152
505,5/17/17 21:45,18.105
506,5/17/17 22:00,18.033
507,5/17/17 22:15,17.986
508,5/17/17 22:30,17.938
509,5/17/17 22:45,17.891
510,5/17/17 23:00,17.843
511,5/17/17 23:15,17.772
512,5/17/17 23:30,17.677
513,5/17/17 23:45,17.582
514,5/18/17 0:00,17.51
515,5/18/17 0:15,17.439
516,5/18/17 0:30,17.391
517,5/18/17 0:45,17.344
518,5/18/17 1:00,17.296
519,5/18/17 1:15,17.249
520,5/18/17 1:30,17.177
521,5/18/17 1:45,17.106
522,5/18/17 2:00,17.058
523,5/18/17 2:15,17.011
524,5/18/17 2:30,16.963
525,5/18/17 2:45,16.915
526,5/18/17 3:00,16.868
527,5/18/17 3:15,16.796
528,5/18/17 3:30,16.749
529,5/18/17 3:45,16.654
530,5/18/17 4:00,16.582
531,5/18/17 4:15,16.534
532,5/18/17 4:30,16.439
533,5/18/17 4:45,16.392
534,5/18/17 5:00,16.344
535,5/18/17 5:15,16.296
536,5/18/17 5:30,16.272
537,5/18/17 5:45,16.249
538,5/18/17 6:00,16.201
539,5/18/17 6:15,16.201
540,5/18/17 6:30,16.177
541,5/18/17 6:45,16.177
542,5/18/17 7:00,16.177
543,5/18/17 7:15,16.201
544,5/18/17 7:30,16.201
545,5/18/17 7:45,16.249
546,5/18/17 8:00,16.296
547,5/18/17 8:15,16.344
548,5/18/17 8:30,16.415
549,5/18/17 8:45,16.487
550,5/18/17 9:00,16.582
551,5/18/17 9:15,16.677
552,5/18/17 9:30,16.796
553,5/18/17 9:45,16.915
554,5/18/17 10:00,17.058
555,5/18/17 10:15,17.177
556,5/18/17 10:30,17.296
557,5/18/17 10:45,17.415
558,5/18/17 11:00,17.534
559,5/18/17 11:15,17.677
560,5/18/17 11:30,17.915
561,5/18/17 11:45,18.105
562,5/18/17 12:00,18.319
563,5/18/17 12:15,18.557
564,5/18/17 12:30,18.771
565,5/18/17 12:45,18.937
566,5/18/17 13:00,19.008
567,5/18/17 13:15,19.008
568,5/18/17 13:30,18.985
569,5/18/17 13:45,19.056
570,5/18/17 14:00,19.127
571,5/18/17 14:15,19.199
572,5/18/17 14:30,19.27
573,5/18/17 14:45,19.294
574,5/18/17 15:00,19.294
575,5/18/17 15:15,19.341
576,5/18/17 15:30,19.436
577,5/18/17 15:45,19.532
578,5/18/17 16:00,19.579
579,5/18/17 16:15,19.627
580,5/18/17 16:30,19.627
581,5/18/17 16:45,19.627
582,5/18/17 17:00,19.627
583,5/18/17 17:15,19.651
584,5/18/17 17:30,19.722
585,5/18/17 17:45,19.793
586,5/18/17 18:00,19.817
587,5/18/17 18:15,19.817
588,5/18/17 18:30,19.817
589,5/18/17 18:45,19.841
590,5/18/17 19:00,19.841
591,5/18/17 19:15,19.817
592,5/18/17 19:30,19.793
593,5/18/17 19:45,19.77
594,5/18/17 20:00,19.77
595,5/18/17 20:15,19.746
596,5/18/17 20:30,19.722
597,5/18/17 20:45,19.674
598,5/18/17 21:00,19.579
599,5/18/17 21:15,19.436
600,5/18/17 21:30,19.318
601,5/18/17 21:45,19.294
602,5/18/17 22:00,19.294
603,5/18/17 22:15,19.318
604,5/18/17 22:30,19.389
605,5/18/17 22:45,19.294
606,5/18/17 23:00,19.151
607,5/18/17 23:15,19.056
608,5/18/17 23:30,18.985
609,5/18/17 23:45,18.961
610,5/19/17 0:00,18.961
611,5/19/17 0:15,18.937
612,5/19/17 0:30,18.937
613,5/19/17 0:45,18.866
614,5/19/17 1:00,18.723
615,5/19/17 1:15,18.58
616,5/19/17 1:30,18.438
617,5/19/17 1:45,18.343
618,5/19/17 2:00,18.271
619,5/19/17 2:15,18.176
620,5/19/17 2:30,18.105
621,5/19/17 2:45,18.033
622,5/19/17 3:00,17.986
623,5/19/17 3:15,17.938
624,5/19/17 3:30,17.891
625,5/19/17 3:45,17.843
626,5/19/17 4:00,17.796
627,5/19/17 4:15,17.748
628,5/19/17 4:30,17.701
629,5/19/17 4:45,17.629
630,5/19/17 5:00,17.558
631,5/19/17 5:15,17.486
632,5/19/17 5:30,17.439
633,5/19/17 5:45,17.391
634,5/19/17 6:00,17.344
635,5/19/17 6:15,17.344
636,5/19/17 6:30,17.344
637,5/19/17 6:45,17.368
638,5/19/17 7:00,17.368
639,5/19/17 7:15,17.391
640,5/19/17 7:30,17.439
641,5/19/17 7:45,17.486
642,5/19/17 8:00,17.558
643,5/19/17 8:15,17.605
644,5/19/17 8:30,17.653
645,5/19/17 8:45,17.724
646,5/19/17 9:00,17.796
647,5/19/17 9:15,17.891
648,5/19/17 9:30,17.986
649,5/19/17 9:45,18.105
650,5/19/17 10:00,18.2
651,5/19/17 10:15,18.319
652,5/19/17 10:30,18.438
653,5/19/17 10:45,18.58
654,5/19/17 11:00,18.699
655,5/19/17 11:15,18.889
656,5/19/17 11:30,19.032
657,5/19/17 11:45,19.151
658,5/19/17 12:00,19.27
659,5/19/17 12:15,19.436
660,5/19/17 12:30,19.532
661,5/19/17 12:45,19.579
662,5/19/17 13:00,19.627
663,5/19/17 13:15,19.698
664,5/19/17 13:30,19.722
665,5/19/17 13:45,19.77
666,5/19/17 14:00,19.912
667,5/19/17 14:15,20.055
668,5/19/17 14:30,20.174
669,5/19/17 14:45,20.222
670,5/19/17 15:00,20.198
671,5/19/17 15:15,20.15
672,5/19/17 15:30,20.15
673,5/19/17 15:45,20.174
674,5/19/17 16:00,20.269
675,5/19/17 16:15,20.269
676,5/19/17 16:30,20.246
677,5/19/17 16:45,20.246
678,5/19/17 17:00,20.269
679,5/19/17 17:15,20.341
680,5/19/17 17:30,20.341
681,5/19/17 17:45,20.269
682,5/19/17 18:00,20.174
683,5/19/17 18:15,20.126
684,5/19/17 18:30,20.126
685,5/19/17 18:45,20.055
686,5/19/17 19:00,19.984
687,5/19/17 19:15,19.888
688,5/19/17 19:30,19.793
689,5/19/17 19:45,19.746
690,5/19/17 20:00,19.746
691,5/19/17 20:15,19.722
692,5/19/17 20:30,19.674
693,5/19/17 20:45,19.579
694,5/19/17 21:00,19.46
695,5/19/17 21:15,19.341
696,5/19/17 21:30,19.222
697,5/19/17 21:45,19.103
698,5/19/17 22:00,19.008
699,5/19/17 22:15,18.913
700,5/19/17 22:30,18.794
701,5/19/17 22:45,18.675
702,5/19/17 23:00,18.58
703,5/19/17 23:15,18.461
704,5/19/17 23:30,18.319
705,5/19/17 23:45,18.224
706,5/20/17 0:00,18.129
707,5/20/17 0:15,18.033
708,5/20/17 0:30,17.962
709,5/20/17 0:45,17.867
710,5/20/17 1:00,17.772
711,5/20/17 1:15,17.677
712,5/20/17 1:30,17.605
713,5/20/17 1:45,17.51
714,5/20/17 2:00,17.439
715,5/20/17 2:15,17.368
716,5/20/17 2:30,17.296
717,5/20/17 2:45,17.225
718,5/20/17 3:00,17.177
719,5/20/17 3:15,17.13
720,5/20/17 3:30,17.082
721,5/20/17 3:45,17.034
722,5/20/17 4:00,16.987
723,5/20/17 4:15,16.939
724,5/20/17 4:30,16.892
725,5/20/17 4:45,16.844
726,5/20/17 5:00,16.796
727,5/20/17 5:15,16.749
728,5/20/17 5:30,16.701
729,5/20/17 5:45,16.654
730,5/20/17 6:00,16.63
731,5/20/17 6:15,16.582
732,5/20/17 6:30,16.534
733,5/20/17 6:45,16.511
734,5/20/17 7:00,16.463
735,5/20/17 7:15,16.439
736,5/20/17 7:30,16.392
737,5/20/17 7:45,16.392
738,5/20/17 8:00,16.368
739,5/20/17 8:15,16.368
740,5/20/17 8:30,16.392
741,5/20/17 8:45,16.368
742,5/20/17 9:00,16.392
743,5/20/17 9:15,16.439
744,5/20/17 9:30,16.487
745,5/20/17 9:45,16.558
746,5/20/17 10:00,16.677
747,5/20/17 10:15,16.773
748,5/20/17 10:30,16.868
749,5/20/17 10:45,16.987
750,5/20/17 11:00,17.082
751,5/20/17 11:15,17.225
752,5/20/17 11:30,17.391
753,5/20/17 11:45,17.558
754,5/20/17 12:00,17.701
755,5/20/17 12:15,17.819
756,5/20/17 12:30,17.938
757,5/20/17 12:45,18.057
758,5/20/17 13:00,18.152
759,5/20/17 13:15,18.271
760,5/20/17 13:30,18.343
761,5/20/17 13:45,18.438
762,5/20/17 14:00,18.509
763,5/20/17 14:15,18.557
764,5/20/17 14:30,18.58
765,5/20/17 14:45,18.58
766,5/20/17 15:00,18.628
767,5/20/17 15:15,18.675
768,5/20/17 15:30,18.723
769,5/20/17 15:45,18.747
770,5/20/17 16:00,18.747
771,5/20/17 16:15,18.723
772,5/20/17 16:30,18.699
773,5/20/17 16:45,18.699
774,5/20/17 17:00,18.675
775,5/20/17 17:15,18.628
776,5/20/17 17:30,18.604
777,5/20/17 17:45,18.58
778,5/20/17 18:00,18.533
779,5/20/17 18:15,18.461
780,5/20/17 18:30,18.414
781,5/20/17 18:45,18.366
782,5/20/17 19:00,18.295
783,5/20/17 19:15,18.224
784,5/20/17 19:30,18.152
785,5/20/17 19:45,18.057
786,5/20/17 20:00,17.938
787,5/20/17 20:15,17.843
788,5/20/17 20:30,17.701
789,5/20/17 20:45,17.558
790,5/20/17 21:00,17.391
791,5/20/17 21:15,17.249
792,5/20/17 21:30,17.13
793,5/20/17 21:45,17.011
794,5/20/17 22:00,16.892
795,5/20/17 22:15,16.773
796,5/20/17 22:30,16.677
797,5/20/17 22:45,16.582
798,5/20/17 23:00,16.487
799,5/20/17 23:15,16.392
800,5/20/17 23:30,16.296
801,5/20/17 23:45,16.225
802,5/21/17 0:00,16.129
803,5/21/17 0:15,16.058
804,5/21/17 0:30,15.963
805,5/21/17 0:45,15.891
806,5/21/17 1:00,15.796
807,5/21/17 1:15,15.724
808,5/21/17 1:30,15.652
809,5/21/17 1:45,15.557
810,5/21/17 2:00,15.485
811,5/21/17 2:15,15.414
812,5/21/17 2:30,15.342
813,5/21/17 2:45,15.27
814,5/21/17 3:00,15.223
815,5/21/17 3:15,15.151
816,5/21/17 3:30,15.079
817,5/21/17 3:45,15.008
818,5/21/17 4:00,14.96
819,5/21/17 4:15,14.888
820,5/21/17 4:30,14.84
821,5/21/17 4:45,14.792
822,5/21/17 5:00,14.721
823,5/21/17 5:15,14.673
824,5/21/17 5:30,14.625
825,5/21/17 5:45,14.601
826,5/21/17 6:00,14.577
827,5/21/17 6:15,14.601
828,5/21/17 6:30,14.625
829,5/21/17 6:45,14.649
830,5/21/17 7:00,14.673
831,5/21/17 7:15,14.697
832,5/21/17 7:30,14.745
833,5/21/17 7:45,14.768
834,5/21/17 8:00,14.84
835,5/21/17 8:15,14.912
836,5/21/17 8:30,14.984
837,5/21/17 8:45,15.055
838,5/21/17 9:00,15.127
839,5/21/17 9:15,15.199
840,5/21/17 9:30,15.247
841,5/21/17 9:45,15.294
842,5/21/17 10:00,15.342
843,5/21/17 10:15,15.414
844,5/21/17 10:30,15.485
845,5/21/17 10:45,15.557
846,5/21/17 11:00,15.629
847,5/21/17 11:15,15.652
848,5/21/17 11:30,15.676
849,5/21/17 11:45,15.676
850,5/21/17 12:00,15.676
851,5/21/17 12:15,15.7
852,5/21/17 12:30,15.724
853,5/21/17 12:45,15.772
854,5/21/17 13:00,15.772
855,5/21/17 13:15,15.819
856,5/21/17 13:30,15.867
857,5/21/17 13:45,15.939
858,5/21/17 14:00,16.01
859,5/21/17 14:15,16.082
860,5/21/17 14:30,16.129
861,5/21/17 14:45,16.153
862,5/21/17 15:00,16.201
863,5/21/17 15:15,16.225
864,5/21/17 15:30,16.249
865,5/21/17 15:45,16.272
866,5/21/17 16:00,16.296
867,5/21/17 16:15,16.296
868,5/21/17 16:30,16.296
869,5/21/17 16:45,16.296
870,5/21/17 17:00,16.32
871,5/21/17 17:15,16.344
872,5/21/17 17:30,16.344
873,5/21/17 17:45,16.344
874,5/21/17 18:00,16.368
875,5/21/17 18:15,16.392
876,5/21/17 18:30,16.392
877,5/21/17 18:45,16.415
878,5/21/17 19:00,16.415
879,5/21/17 19:15,16.415
880,5/21/17 19:30,16.415
881,5/21/17 19:45,16.392
882,5/21/17 20:00,16.344
883,5/21/17 20:15,16.296
884,5/21/17 20:30,16.272
885,5/21/17 20:45,16.225
886,5/21/17 21:00,16.177
887,5/21/17 21:15,16.129
888,5/21/17 21:30,16.082
889,5/21/17 21:45,16.034
890,5/21/17 22:00,15.986
891,5/21/17 22:15,15.915
892,5/21/17 22:30,15.867
893,5/21/17 22:45,15.819
894,5/21/17 23:00,15.748
895,5/21/17 23:15,15.676
896,5/21/17 23:30,15.605
897,5/21/17 23:45,15.533
898,5/22/17 0:00,15.438
899,5/22/17 0:15,15.366
900,5/22/17 0:30,15.294
901,5/22/17 0:45,15.27
902,5/22/17 1:00,15.223
903,5/22/17 1:15,15.175
904,5/22/17 1:30,15.151
905,5/22/17 1:45,15.127
906,5/22/17 2:00,15.079
907,5/22/17 2:15,15.031
908,5/22/17 2:30,14.96
909,5/22/17 2:45,14.912
910,5/22/17 3:00,14.888
911,5/22/17 3:15,14.84
912,5/22/17 3:30,14.816
913,5/22/17 3:45,14.768
914,5/22/17 4:00,14.721
915,5/22/17 4:15,14.697
916,5/22/17 4:30,14.649
917,5/22/17 4:45,14.601
918,5/22/17 5:00,14.553
919,5/22/17 5:15,14.529
920,5/22/17 5:30,14.505
921,5/22/17 5:45,14.481
922,5/22/17 6:00,14.457
923,5/22/17 6:15,14.433
924,5/22/17 6:30,14.409
925,5/22/17 6:45,14.385
926,5/22/17 7:00,14.361
927,5/22/17 7:15,14.361
928,5/22/17 7:30,14.337
929,5/22/17 7:45,14.337
930,5/22/17 8:00,14.314
931,5/22/17 8:15,14.314
932,5/22/17 8:30,14.29
933,5/22/17 8:45,14.29
934,5/22/17 9:00,14.29
935,5/22/17 9:15,14.266
936,5/22/17 9:30,14.266
937,5/22/17 9:45,14.266
938,5/22/17 10:00,14.242
939,5/22/17 10:15,14.242
940,5/22/17 10:30,14.266
941,5/22/17 10:45,14.29
942,5/22/17 11:00,14.29
943,5/22/17 11:15,14.29
944,5/22/17 11:30,14.29
945,5/22/17 11:45,14.29
946,5/22/17 12:00,14.314
947,5/22/17 12:15,14.337
948,5/22/17 12:30,14.337
949,5/22/17 12:45,14.337
950,5/22/17 13:00,14.337
951,5/22/17 13:15,14.314
952,5/22/17 13:30,14.314
953,5/22/17 13:45,14.314
954,5/22/17 14:00,14.314
955,5/22/17 14:15,14.314
956,5/22/17 14:30,14.29
957,5/22/17 14:45,14.29
958,5/22/17 15:00,14.29
959,5/22/17 15:15,14.29
960,5/22/17 15:30,14.266
961,5/22/17 15:45,14.266
962,5/22/17 16:00,14.266
963,5/22/17 16:15,14.242
964,5/22/17 16:30,14.242
965,5/22/17 16:45,14.242
966,5/22/17 17:00,14.242
967,5/22/17 17:15,14.218
968,5/22/17 17:30,14.194
969,5/22/17 17:45,14.194
970,5/22/17 18:00,14.17
971,5/22/17 18:15,14.146
972,5/22/17 18:30,14.098
973,5/22/17 18:45,14.098
974,5/22/17 19:00,14.05
975,5/22/17 19:15,14.05
976,5/22/17 19:30,14.026
977,5/22/17 19:45,14.002
978,5/22/17 20:00,13.978
979,5/22/17 20:15,13.978
980,5/22/17 20:30,13.954
981,5/22/17 20:45,13.954
982,5/22/17 21:00,13.93
983,5/22/17 21:15,13.906
984,5/22/17 21:30,13.882
985,5/22/17 21:45,13.858
986,5/22/17 22:00,13.858
987,5/22/17 22:15,13.834
988,5/22/17 22:30,13.81
989,5/22/17 22:45,13.81
990,5/22/17 23:00,13.786
991,5/22/17 23:15,13.762
992,5/22/17 23:30,13.762
993,5/22/17 23:45,13.738
994,5/23/17 0:00,13.714
995,5/23/17 0:15,13.714
996,5/23/17 0:30,13.69
997,5/23/17 0:45,13.666
998,5/23/17 1:00,13.642
999,5/23/17 1:15,13.618
1000,5/23/17 1:30,13.618
1001,5/23/17 1:45,13.594
1002,5/23/17 2:00,13.57
1003,5/23/17 2:15,13.546
1004,5/23/17 2:30,13.546
1005,5/23/17 2:45,13.522
1006,5/23/17 3:00,13.522
1007,5/23/17 3:15,13.497
1008,5/23/17 3:30,13.497
1009,5/23/17 3:45,13.473
1010,5/23/17 4:00,13.449
1011,5/23/17 4:15,13.449
1012,5/23/17 4:30,13.425
1013,5/23/17 4:45,13.401
1014,5/23/17 5:00,13.401
1015,5/23/17 5:15,13.377
1016,5/23/17 5:30,13.377
1017,5/23/17 5:45,13.353
1018,5/23/17 6:00,13.353
1019,5/23/17 6:15,13.353
1020,5/23/17 6:30,13.353
1021,5/23/17 6:45,13.353
1022,5/23/17 7:00,13.353
1023,5/23/17 7:15,13.353
1024,5/23/17 7:30,13.377
1025,5/23/17 7:45,13.377
1026,5/23/17 8:00,13.401
1027,5/23/17 8:15,13.425
1028,5/23/17 8:30,13.473
1029,5/23/17 8:45,13.522
1030,5/23/17 9:00,13.57
1031,5/23/17 9:15,13.618
1032,5/23/17 9:30,13.714
1033,5/23/17 9:45,13.762
1034,5/23/17 10:00,13.858
1035,5/23/17 10:15,13.93
1036,5/23/17 10:30,14.002
1037,5/23/17 10:45,14.074
1038,5/23/17 11:00,14.146
1039,5/23/17 11:15,14.242
1040,5/23/17 11:30,14.361
1041,5/23/17 11:45,14.457
1042,5/23/17 12:00,14.529
1043,5/23/17 12:15,14.601
1044,5/23/17 12:30,14.649
1045,5/23/17 12:45,14.673
1046,5/23/17 13:00,14.697
1047,5/23/17 13:15,14.745
1048,5/23/17 13:30,14.768
1049,5/23/17 13:45,14.816
1050,5/23/17 14:00,14.84
1051,5/23/17 14:15,14.888
1052,5/23/17 14:30,14.96
1053,5/23/17 14:45,15.008
1054,5/23/17 15:00,15.055
1055,5/23/17 15:15,15.055
1056,5/23/17 15:30,15.079
1057,5/23/17 15:45,15.079
1058,5/23/17 16:00,15.103
1059,5/23/17 16:15,15.127
1060,5/23/17 16:30,15.151
1061,5/23/17 16:45,15.199
1062,5/23/17 17:00,15.223
1063,5/23/17 17:15,15.247
1064,5/23/17 17:30,15.247
1065,5/23/17 17:45,15.223
1066,5/23/17 18:00,15.223
1067,5/23/17 18:15,15.199
1068,5/23/17 18:30,15.175
1069,5/23/17 18:45,15.151
1070,5/23/17 19:00,15.127
1071,5/23/17 19:15,15.079
1072,5/23/17 19:30,15.055
1073,5/23/17 19:45,15.031
1074,5/23/17 20:00,15.008
1075,5/23/17 20:15,15.008
1076,5/23/17 20:30,14.984
1077,5/23/17 20:45,14.984
1078,5/23/17 21:00,14.96
1079,5/23/17 21:15,14.96
1080,5/23/17 21:30,14.936
1081,5/23/17 21:45,14.888
1082,5/23/17 22:00,14.864
1083,5/23/17 22:15,14.84
1084,5/23/17 22:30,14.816
1085,5/23/17 22:45,14.768
1086,5/23/17 23:00,14.721
1087,5/23/17 23:15,14.673
1088,5/23/17 23:30,14.649
1089,5/23/17 23:45,14.601
1090,5/24/17 0:00,14.553
1091,5/24/17 0:15,14.505
1092,5/24/17 0:30,14.457
1093,5/24/17 0:45,14.433
1094,5/24/17 1:00,14.385
1095,5/24/17 1:15,14.337
1096,5/24/17 1:30,14.29
1097,5/24/17 1:45,14.242
1098,5/24/17 2:00,14.218
1099,5/24/17 2:15,14.17
1100,5/24/17 2:30,14.146
1101,5/24/17 2:45,14.098
1102,5/24/17 3:00,14.05
1103,5/24/17 3:15,14.026
1104,5/24/17 3:30,14.002
1105,5/24/17 3:45,13.954
1106,5/24/17 4:00,13.93
1107,5/24/17 4:15,13.906
1108,5/24/17 4:30,13.858
1109,5/24/17 4:45,13.834
1110,5/24/17 5:00,13.81
1111,5/24/17 5:15,13.786
1112,5/24/17 5:30,13.762
1113,5/24/17 5:45,13.738
1114,5/24/17 6:00,13.738
1115,5/24/17 6:15,13.738
1116,5/24/17 6:30,13.738
1117,5/24/17 6:45,13.762
1118,5/24/17 7:00,13.762
1119,5/24/17 7:15,13.786
1120,5/24/17 7:30,13.81
1121,5/24/17 7:45,13.834
1122,5/24/17 8:00,13.858
1123,5/24/17 8:15,13.906
1124,5/24/17 8:30,13.93
1125,5/24/17 8:45,13.954
1126,5/24/17 9:00,13.978
1127,5/24/17 9:15,14.026
1128,5/24/17 9:30,14.098
1129,5/24/17 9:45,14.146
1130,5/24/17 10:00,14.194
1131,5/24/17 10:15,14.242
1132,5/24/17 10:30,14.29
1133,5/24/17 10:45,14.337
1134,5/24/17 11:00,14.385
1135,5/24/17 11:15,14.433
1136,5/24/17 11:30,14.481
1137,5/24/17 11:45,14.529
1138,5/24/17 12:00,14.601
1139,5/24/17 12:15,14.673
1140,5/24/17 12:30,14.768
1141,5/24/17 12:45,14.864
1142,5/24/17 13:00,14.96
1143,5/24/17 13:15,15.031
1144,5/24/17 13:30,15.079
1145,5/24/17 13:45,15.151
1146,5/24/17 14:00,15.175
1147,5/24/17 14:15,15.247
1148,5/24/17 14:30,15.294
1149,5/24/17 14:45,15.366
1150,5/24/17 15:00,15.438
1151,5/24/17 15:15,15.461
1152,5/24/17 15:30,15.461
1153,5/24/17 15:45,15.461
1154,5/24/17 16:00,15.438
1155,5/24/17 16:15,15.461
1156,5/24/17 16:30,15.533
1157,5/24/17 16:45,15.581
1158,5/24/17 17:00,15.629
1159,5/24/17 17:15,15.652
1160,5/24/17 17:30,15.676
1161,5/24/17 17:45,15.724
1162,5/24/17 18:00,15.772
1163,5/24/17 18:15,15.819
1164,5/24/17 18:30,15.843
1165,5/24/17 18:45,15.843
1166,5/24/17 19:00,15.843
1167,5/24/17 19:15,15.843
1168,5/24/17 19:30,15.819
1169,5/24/17 19:45,15.772
1170,5/24/17 20:00,15.748
1171,5/24/17 20:15,15.7
1172,5/24/17 20:30,15.629
1173,5/24/17 20:45,15.557
1174,5/24/17 21:00,15.485
1175,5/24/17 21:15,15.414
1176,5/24/17 21:30,15.366
1177,5/24/17 21:45,15.318
1178,5/24/17 22:00,15.27
1179,5/24/17 22:15,15.247
1180,5/24/17 22:30,15.223
1181,5/24/17 22:45,15.175
1182,5/24/17 23:00,15.151
1183,5/24/17 23:15,15.103
1184,5/24/17 23:30,15.055
1185,5/24/17 23:45,15.008
1186,5/25/17 0:00,14.96
1187,5/25/17 0:15,14.912
1188,5/25/17 0:30,14.864
1189,5/25/17 0:45,14.816
1190,5/25/17 1:00,14.745
1191,5/25/17 1:15,14.721
1192,5/25/17 1:30,14.649
1193,5/25/17 1:45,14.601
1194,5/25/17 2:00,14.553
1195,5/25/17 2:15,14.505
1196,5/25/17 2:30,14.457
1197,5/25/17 2:45,14.409
1198,5/25/17 3:00,14.361
1199,5/25/17 3:15,14.337
1200,5/25/17 3:30,14.29
1201,5/25/17 3:45,14.242
1202,5/25/17 4:00,14.218
1203,5/25/17 4:15,14.17
1204,5/25/17 4:30,14.122
1205,5/25/17 4:45,14.098
1206,5/25/17 5:00,14.074
1207,5/25/17 5:15,14.05
1208,5/25/17 5:30,14.026
1209,5/25/17 5:45,14.002
1210,5/25/17 6:00,14.002
1211,5/25/17 6:15,13.978
1212,5/25/17 6:30,13.978
1213,5/25/17 6:45,13.978
1214,5/25/17 7:00,13.978
1215,5/25/17 7:15,13.978
1216,5/25/17 7:30,14.002
1217,5/25/17 7:45,14.002
1218,5/25/17 8:00,14.002
1219,5/25/17 8:15,14.026
1220,5/25/17 8:30,14.05
1221,5/25/17 8:45,14.05
1222,5/25/17 9:00,14.074
1223,5/25/17 9:15,14.098
1224,5/25/17 9:30,14.098
1225,5/25/17 9:45,14.122
1226,5/25/17 10:00,14.146
1227,5/25/17 10:15,14.146
1228,5/25/17 10:30,14.146
1229,5/25/17 10:45,14.146
1230,5/25/17 11:00,14.17
1231,5/25/17 11:15,14.17
1232,5/25/17 11:30,14.17
1233,5/25/17 11:45,14.17
1234,5/25/17 12:00,14.17
1235,5/25/17 12:15,14.17
1236,5/25/17 12:30,14.17
1237,5/25/17 12:45,14.146
1238,5/25/17 13:00,14.146
1239,5/25/17 13:15,14.146
1240,5/25/17 13:30,14.122
1241,5/25/17 13:45,14.122
1242,5/25/17 14:00,14.098
1243,5/25/17 14:15,14.098
1244,5/25/17 14:30,14.074
1245,5/25/17 14:45,14.074
1246,5/25/17 15:00,14.05
1247,5/25/17 15:15,14.05
1248,5/25/17 15:30,14.05
1249,5/25/17 15:45,14.05
1250,5/25/17 16:00,14.026
1251,5/25/17 16:15,14.002
1252,5/25/17 16:30,14.002
1253,5/25/17 16:45,13.978
1254,5/25/17 17:00,13.954
1255,5/25/17 17:15,13.954
1256,5/25/17 17:30,13.93
1257,5/25/17 17:45,13.906
1258,5/25/17 18:00,13.906
1259,5/25/17 18:15,13.858
1260,5/25/17 18:30,13.834
1261,5/25/17 18:45,13.738
1262,5/25/17 19:00,13.666
1263,5/25/17 19:15,13.594
1264,5/25/17 19:30,13.546
1265,5/25/17 19:45,13.546
1266,5/25/17 20:00,13.57
1267,5/25/17 20:15,13.57
1268,5/25/17 20:30,13.522
1269,5/25/17 20:45,13.473
1270,5/25/17 21:00,13.473
1271,5/25/17 21:15,13.449
1272,5/25/17 21:30,13.473
1273,5/25/17 21:45,13.473
1274,5/25/17 22:00,13.473
1275,5/25/17 22:15,13.449
1276,5/25/17 22:30,13.425
1277,5/25/17 22:45,13.425
1278,5/25/17 23:00,13.401
1279,5/25/17 23:15,13.377
1280,5/25/17 23:30,13.353
1281,5/25/17 23:45,13.329
1282,5/26/17 0:00,13.281
1283,5/26/17 0:15,13.233
1284,5/26/17 0:30,13.161
1285,5/26/17 0:45,13.064
1286,5/26/17 1:00,12.968
1287,5/26/17 1:15,12.871
1288,5/26/17 1:30,12.799
1289,5/26/17 1:45,12.775
1290,5/26/17 2:00,12.751
1291,5/26/17 2:15,12.751
1292,5/26/17 2:30,12.727
1293,5/26/17 2:45,12.703
1294,5/26/17 3:00,12.703
1295,5/26/17 3:15,12.727
1296,5/26/17 3:30,12.751
1297,5/26/17 3:45,12.751
1298,5/26/17 4:00,12.775
1299,5/26/17 4:15,12.775
1300,5/26/17 4:30,12.775
1301,5/26/17 4:45,12.775
1302,5/26/17 5:00,12.775
1303,5/26/17 5:15,12.775
1304,5/26/17 5:30,12.775
1305,5/26/17 5:45,12.751
1306,5/26/17 6:00,12.751
1307,5/26/17 6:15,12.751
1308,5/26/17 6:30,12.727
1309,5/26/17 6:45,12.727
1310,5/26/17 7:00,12.727
1311,5/26/17 7:15,12.703
1312,5/26/17 7:30,12.703
1313,5/26/17 7:45,12.727
1314,5/26/17 8:00,12.727
1315,5/26/17 8:15,12.751
1316,5/26/17 8:30,12.751
1317,5/26/17 8:45,12.751
1318,5/26/17 9:00,12.775
1319,5/26/17 9:15,12.799
1320,5/26/17 9:30,12.799
1321,5/26/17 9:45,12.823
1322,5/26/17 10:00,12.847
1323,5/26/17 10:15,12.871
1324,5/26/17 10:30,12.92
1325,5/26/17 10:45,12.968
1326,5/26/17 11:00,12.992
1327,5/26/17 11:15,13.04
1328,5/26/17 11:30,13.088
1329,5/26/17 11:45,13.137
1330,5/26/17 12:00,13.161
1331,5/26/17 12:15,13.185
1332,5/26/17 12:30,13.209
1333,5/26/17 12:45,13.209
1334,5/26/17 13:00,13.209
1335,5/26/17 13:15,13.185
1336,5/26/17 13:30,13.185
1337,5/26/17 13:45,13.209
1338,5/26/17 14:00,13.233
1339,5/26/17 14:15,13.257
1340,5/26/17 14:30,13.305
1341,5/26/17 14:45,13.329
1342,5/26/17 15:00,13.377
1343,5/26/17 15:15,13.401
1344,5/26/17 15:30,13.425
1345,5/26/17 15:45,13.449
1346,5/26/17 16:00,13.449
1347,5/26/17 16:15,13.473
1348,5/26/17 16:30,13.522
1349,5/26/17 16:45,13.522
1350,5/26/17 17:00,13.57
1351,5/26/17 17:15,13.594
1352,5/26/17 17:30,13.618
1353,5/26/17 17:45,13.666
1354,5/26/17 18:00,13.714
1355,5/26/17 18:15,13.738
1356,5/26/17 18:30,13.738
1357,5/26/17 18:45,13.762
1358,5/26/17 19:00,13.786
1359,5/26/17 19:15,13.81
1360,5/26/17 19:30,13.834
1361,5/26/17 19:45,13.858
1362,5/26/17 20:00,13.858
1363,5/26/17 20:15,13.882
1364,5/26/17 20:30,13.882
1365,5/26/17 20:45,13.882
1366,5/26/17 21:00,13.906
1367,5/26/17 21:15,13.906
1368,5/26/17 21:30,13.906
1369,5/26/17 21:45,13.906
1370,5/26/17 22:00,13.906
1371,5/26/17 22:15,13.882
1372,5/26/17 22:30,13.858
1373,5/26/17 22:45,13.858
1374,5/26/17 23:00,13.834
1375,5/26/17 23:15,13.834
1376,5/26/17 23:30,13.81
1377,5/26/17 23:45,13.81
1378,5/27/17 0:00,13.786
1379,5/27/17 0:15,13.786
1380,5/27/17 0:30,13.786
1381,5/27/17 0:45,13.786
1382,5/27/17 1:00,13.762
1383,5/27/17 1:15,13.738
1384,5/27/17 1:30,13.738
1385,5/27/17 1:45,13.714
1386,5/27/17 2:00,13.69
1387,5/27/17 2:15,13.666
1388,5/27/17 2:30,13.666
1389,5/27/17 2:45,13.666
1390,5/27/17 3:00,13.642
1391,5/27/17 3:15,13.618
1392,5/27/17 3:30,13.618
1393,5/27/17 3:45,13.594
1394,5/27/17 4:00,13.594
1395,5/27/17 4:15,13.57
1396,5/27/17 4:30,13.57
1397,5/27/17 4:45,13.546
1398,5/27/17 5:00,13.546
1399,5/27/17 5:15,13.546
1400,5/27/17 5:30,13.522
1401,5/27/17 5:45,13.522
1402,5/27/17 6:00,13.522
1403,5/27/17 6:15,13.522
1404,5/27/17 6:30,13.546
1405,5/27/17 6:45,13.546
1406,5/27/17 7:00,13.546
1407,5/27/17 7:15,13.57
1408,5/27/17 7:30,13.57
1409,5/27/17 7:45,13.594
1410,5/27/17 8:00,13.618
1411,5/27/17 8:15,13.618
1412,5/27/17 8:30,13.666
1413,5/27/17 8:45,13.69
1414,5/27/17 9:00,13.714
1415,5/27/17 9:15,13.762
1416,5/27/17 9:30,13.81
1417,5/27/17 9:45,13.834
1418,5/27/17 10:00,13.906
1419,5/27/17 10:15,14.002
1420,5/27/17 10:30,14.074
1421,5/27/17 10:45,14.194
1422,5/27/17 11:00,14.29
1423,5/27/17 11:15,14.433
1424,5/27/17 11:30,14.577
1425,5/27/17 11:45,14.745
1426,5/27/17 12:00,14.864
1427,5/27/17 12:15,14.984
1428,5/27/17 12:30,15.127
1429,5/27/17 12:45,15.199
1430,5/27/17 13:00,15.294
1431,5/27/17 13:15,15.461
1432,5/27/17 13:30,15.509
1433,5/27/17 13:45,15.557
1434,5/27/17 14:00,15.7
1435,5/27/17 14:15,15.843
1436,5/27/17 14:30,15.915
1437,5/27/17 14:45,16.034
1438,5/27/17 15:00,16.201
1439,5/27/17 15:15,16.344
1440,5/27/17 15:30,16.511
1441,5/27/17 15:45,16.654
1442,5/27/17 16:00,16.677
1443,5/27/17 16:15,16.654
1444,5/27/17 16:30,16.63
1445,5/27/17 16:45,16.654
1446,5/27/17 17:00,16.677
1447,5/27/17 17:15,16.677
1448,5/27/17 17:30,16.677
1449,5/27/17 17:45,16.677
1450,5/27/17 18:00,16.701
1451,5/27/17 18:15,16.677
1452,5/27/17 18:30,16.677
1453,5/27/17 18:45,16.677
1454,5/27/17 19:00,16.654
1455,5/27/17 19:15,16.654
1456,5/27/17 19:30,16.63
1457,5/27/17 19:45,16.63
1458,5/27/17 20:00,16.654
1459,5/27/17 20:15,16.677
1460,5/27/17 20:30,16.725
1461,5/27/17 20:45,16.725
1462,5/27/17 21:00,16.725
1463,5/27/17 21:15,16.677
1464,5/27/17 21:30,16.63
1465,5/27/17 21:45,16.534
1466,5/27/17 22:00,16.487
1467,5/27/17 22:15,16.415
1468,5/27/17 22:30,16.368
1469,5/27/17 22:45,16.32
1470,5/27/17 23:00,16.296
1471,5/27/17 23:15,16.296
1472,5/27/17 23:30,16.272
1473,5/27/17 23:45,16.249
1474,5/28/17 0:00,16.225
1475,5/28/17 0:15,16.177
1476,5/28/17 0:30,16.129
1477,5/28/17 0:45,16.106
1478,5/28/17 1:00,16.058
1479,5/28/17 1:15,16.034
1480,5/28/17 1:30,15.986
1481,5/28/17 1:45,15.963
1482,5/28/17 2:00,15.915
1483,5/28/17 2:15,15.891
1484,5/28/17 2:30,15.867
1485,5/28/17 2:45,15.843
1486,5/28/17 3:00,15.819
1487,5/28/17 3:15,15.796
1488,5/28/17 3:30,15.772
1489,5/28/17 3:45,15.748
1490,5/28/17 4:00,15.724
1491,5/28/17 4:15,15.7
1492,5/28/17 4:30,15.676
1493,5/28/17 4:45,15.629
1494,5/28/17 5:00,15.605
1495,5/28/17 5:15,15.581
1496,5/28/17 5:30,15.557
1497,5/28/17 5:45,15.533
1498,5/28/17 6:00,15.485
1499,5/28/17 6:15,15.485
1500,5/28/17 6:30,15.461
1501,5/28/17 6:45,15.438
1502,5/28/17 7:00,15.438
1503,5/28/17 7:15,15.438
1504,5/28/17 7:30,15.438
1505,5/28/17 7:45,15.438
1506,5/28/17 8:00,15.438
1507,5/28/17 8:15,15.438
1508,5/28/17 8:30,15.461
1509,5/28/17 8:45,15.485
1510,5/28/17 9:00,15.509
1511,5/28/17 9:15,15.533
1512,5/28/17 9:30,15.581
1513,5/28/17 9:45,15.605
1514,5/28/17 10:00,15.652
1515,5/28/17 10:15,15.7
1516,5/28/17 10:30,15.772
1517,5/28/17 10:45,15.843
1518,5/28/17 11:00,15.915
1519,5/28/17 11:15,15.986
1520,5/28/17 11:30,16.058
1521,5/28/17 11:45,16.106
1522,5/28/17 12:00,16.153
1523,5/28/17 12:15,16.201
1524,5/28/17 12:30,16.225
1525,5/28/17 12:45,16.32
1526,5/28/17 13:00,16.392
1527,5/28/17 13:15,16.415
1528,5/28/17 13:30,16.439
1529,5/28/17 13:45,16.463
1530,5/28/17 14:00,16.511
1531,5/28/17 14:15,16.534
1532,5/28/17 14:30,16.558
1533,5/28/17 14:45,16.606
1534,5/28/17 15:00,16.677
1535,5/28/17 15:15,16.749
1536,5/28/17 15:30,16.796
1537,5/28/17 15:45,16.82
1538,5/28/17 16:00,16.868
1539,5/28/17 16:15,16.892
1540,5/28/17 16:30,16.915
1541,5/28/17 16:45,16.939
1542,5/28/17 17:00,16.939
1543,5/28/17 17:15,16.939
1544,5/28/17 17:30,16.939
1545,5/28/17 17:45,16.939
1546,5/28/17 18:00,16.939
1547,5/28/17 18:15,16.939
1548,5/28/17 18:30,16.963
1549,5/28/17 18:45,16.987
1550,5/28/17 19:00,16.987
1551,5/28/17 19:15,16.963
1552,5/28/17 19:30,16.939
1553,5/28/17 19:45,16.915
1554,5/28/17 20:00,16.915
1555,5/28/17 20:15,16.868
1556,5/28/17 20:30,16.868
1557,5/28/17 20:45,16.82
1558,5/28/17 21:00,16.796
1559,5/28/17 21:15,16.773
1560,5/28/17 21:30,16.725
1561,5/28/17 21:45,16.677
1562,5/28/17 22:00,16.606
1563,5/28/17 22:15,16.558
1564,5/28/17 22:30,16.511
1565,5/28/17 22:45,16.439
1566,5/28/17 23:00,16.368
1567,5/28/17 23:15,16.296
1568,5/28/17 23:30,16.249
1569,5/28/17 23:45,16.201
1570,5/29/17 0:00,16.129
1571,5/29/17 0:15,16.082
1572,5/29/17 0:30,16.034
1573,5/29/17 0:45,15.963
1574,5/29/17 1:00,15.915
1575,5/29/17 1:15,15.867
1576,5/29/17 1:30,15.796
1577,5/29/17 1:45,15.724
1578,5/29/17 2:00,15.652
1579,5/29/17 2:15,15.581
1580,5/29/17 2:30,15.533
1581,5/29/17 2:45,15.461
1582,5/29/17 3:00,15.39
1583,5/29/17 3:15,15.342
1584,5/29/17 3:30,15.294
1585,5/29/17 3:45,15.247
1586,5/29/17 4:00,15.223
1587,5/29/17 4:15,15.175
1588,5/29/17 4:30,15.151
1589,5/29/17 4:45,15.103
1590,5/29/17 5:00,15.079
1591,5/29/17 5:15,15.055
1592,5/29/17 5:30,15.031
1593,5/29/17 5:45,15.008
1594,5/29/17 6:00,14.984
1595,5/29/17 6:15,14.984
1596,5/29/17 6:30,14.96
1597,5/29/17 6:45,14.96
1598,5/29/17 7:00,14.96
1599,5/29/17 7:15,14.96
1600,5/29/17 7:30,14.96
1601,5/29/17 7:45,14.984
1602,5/29/17 8:00,14.96
1603,5/29/17 8:15,14.984
1604,5/29/17 8:30,14.984
1605,5/29/17 8:45,14.984
1606,5/29/17 9:00,14.984
1607,5/29/17 9:15,14.984
1608,5/29/17 9:30,14.96
1609,5/29/17 9:45,14.96
1610,5/29/17 10:00,14.96
1611,5/29/17 10:15,14.936
1612,5/29/17 10:30,14.936
1613,5/29/17 10:45,14.96
1614,5/29/17 11:00,14.936
1615,5/29/17 11:15,14.936
1616,5/29/17 11:30,14.936
1617,5/29/17 11:45,14.912
1618,5/29/17 12:00,14.912
1619,5/29/17 12:15,14.888
1620,5/29/17 12:30,14.864
1621,5/29/17 12:45,14.864
1622,5/29/17 13:00,14.816
1623,5/29/17 13:15,14.792
1624,5/29/17 13:30,14.768
1625,5/29/17 13:45,14.745
1626,5/29/17 14:00,14.721
1627,5/29/17 14:15,14.721
1628,5/29/17 14:30,14.697
1629,5/29/17 14:45,14.697
1630,5/29/17 15:00,14.697
1631,5/29/17 15:15,14.697
1632,5/29/17 15:30,14.745
1633,5/29/17 15:45,14.768
1634,5/29/17 16:00,14.768
1635,5/29/17 16:15,14.768
1636,5/29/17 16:30,14.768
1637,5/29/17 16:45,14.768
1638,5/29/17 17:00,14.768
1639,5/29/17 17:15,14.768
1640,5/29/17 17:30,14.768
1641,5/29/17 17:45,14.745
1642,5/29/17 18:00,14.745
1643,5/29/17 18:15,14.721
1644,5/29/17 18:30,14.721
1645,5/29/17 18:45,14.721
1646,5/29/17 19:00,14.697
1647,5/29/17 19:15,14.673
1648,5/29/17 19:30,14.673
1649,5/29/17 19:45,14.649
1650,5/29/17 20:00,14.625
1651,5/29/17 20:15,14.601
1652,5/29/17 20:30,14.577
1653,5/29/17 20:45,14.553
1654,5/29/17 21:00,14.529
1655,5/29/17 21:15,14.505
1656,5/29/17 21:30,14.481
1657,5/29/17 21:45,14.457
1658,5/29/17 22:00,14.433
1659,5/29/17 22:15,14.433
1660,5/29/17 22:30,14.409
1661,5/29/17 22:45,14.385
1662,5/29/17 23:00,14.385
1663,5/29/17 23:15,14.361
1664,5/29/17 23:30,14.337
1665,5/29/17 23:45,14.314
1666,5/30/17 0:00,14.29
1667,5/30/17 0:15,14.29
1668,5/30/17 0:30,14.242
1669,5/30/17 0:45,14.242
1670,5/30/17 1:00,14.218
1671,5/30/17 1:15,14.194
1672,5/30/17 1:30,14.17
1673,5/30/17 1:45,14.17
1674,5/30/17 2:00,14.146
1675,5/30/17 2:15,14.122
1676,5/30/17 2:30,14.122
1677,5/30/17 2:45,14.098
1678,5/30/17 3:00,14.098
1679,5/30/17 3:15,14.074
1680,5/30/17 3:30,14.05
1681,5/30/17 3:45,14.026
1682,5/30/17 4:00,14.026
1683,5/30/17 4:15,14.002
1684,5/30/17 4:30,14.002
1685,5/30/17 4:45,13.978
1686,5/30/17 5:00,13.954
1687,5/30/17 5:15,13.954
1688,5/30/17 5:30,13.93
1689,5/30/17 5:45,13.93
1690,5/30/17 6:00,13.93
1691,5/30/17 6:15,13.93
1692,5/30/17 6:30,13.93
1693,5/30/17 6:45,13.906
1694,5/30/17 7:00,13.906
1695,5/30/17 7:15,13.906
1696,5/30/17 7:30,13.906
1697,5/30/17 7:45,13.906
1698,5/30/17 8:00,13.93
1699,5/30/17 8:15,13.93
1700,5/30/17 8:30,13.93
1701,5/30/17 8:45,13.93
1702,5/30/17 9:00,13.954
1703,5/30/17 9:15,13.978
1704,5/30/17 9:30,14.002
1705,5/30/17 9:45,14.002
1706,5/30/17 10:00,14.026
1707,5/30/17 10:15,14.026
1708,5/30/17 10:30,14.05
1709,5/30/17 10:45,14.074
1710,5/30/17 11:00,14.098
1711,5/30/17 11:15,14.098
1712,5/30/17 11:30,14.098
1713,5/30/17 11:45,14.098
1714,5/30/17 12:00,14.122
1715,5/30/17 12:15,14.122
1716,5/30/17 12:30,14.146
1717,5/30/17 12:45,14.17
1718,5/30/17 13:00,14.194
1719,5/30/17 13:15,14.194
1720,5/30/17 13:30,14.218
1721,5/30/17 13:45,14.218
1722,5/30/17 14:00,14.242
1723,5/30/17 14:15,14.242
1724,5/30/17 14:30,14.266
1725,5/30/17 14:45,14.29
1726,5/30/17 15:00,14.29
1727,5/30/17 15:15,14.29
1728,5/30/17 15:30,14.29
1729,5/30/17 15:45,14.29
1730,5/30/17 16:00,14.29
1731,5/30/17 16:15,14.29
1732,5/30/17 16:30,14.314
1733,5/30/17 16:45,14.314
1734,5/30/17 17:00,14.314
1735,5/30/17 17:15,14.337
1736,5/30/17 17:30,14.337
1737,5/30/17 17:45,14.337
1738,5/30/17 18:00,14.314
1739,5/30/17 18:15,14.314
1740,5/30/17 18:30,14.29
1741,5/30/17 18:45,14.29
1742,5/30/17 19:00,14.29
1743,5/30/17 19:15,14.29
1744,5/30/17 19:30,14.29
1745,5/30/17 19:45,14.266
1746,5/30/17 20:00,14.266
1747,5/30/17 20:15,14.242
1748,5/30/17 20:30,14.242
1749,5/30/17 20:45,14.242
1750,5/30/17 21:00,14.242
1751,5/30/17 21:15,14.218
1752,5/30/17 21:30,14.218
1753,5/30/17 21:45,14.194
1754,5/30/17 22:00,14.194
1755,5/30/17 22:15,14.194
1756,5/30/17 22:30,14.17
1757,5/30/17 22:45,14.146
1758,5/30/17 23:00,14.122
1759,5/30/17 23:15,14.098
1760,5/30/17 23:30,14.098
1761,5/30/17 23:45,14.074
1762,5/31/17 0:00,14.05
1763,5/31/17 0:15,14.05
1764,5/31/17 0:30,14.026
1765,5/31/17 0:45,14.002
1766,5/31/17 1:00,14.002
1767,5/31/17 1:15,13.978
1768,5/31/17 1:30,13.978
1769,5/31/17 1:45,13.954
1770,5/31/17 2:00,13.954
1771,5/31/17 2:15,13.93
1772,5/31/17 2:30,13.93
1773,5/31/17 2:45,13.906
1774,5/31/17 3:00,13.906
1775,5/31/17 3:15,13.906
1776,5/31/17 3:30,13.882
1777,5/31/17 3:45,13.858
1778,5/31/17 4:00,13.858
1779,5/31/17 4:15,13.858
1780,5/31/17 4:30,13.834
1781,5/31/17 4:45,13.834
1782,5/31/17 5:00,13.834
1783,5/31/17 5:15,13.834
1784,5/31/17 5:30,13.81
1785,5/31/17 5:45,13.81
1786,5/31/17 6:00,13.81
1787,5/31/17 6:15,13.81
1788,5/31/17 6:30,13.81
1789,5/31/17 6:45,13.81
1790,5/31/17 7:00,13.81
1791,5/31/17 7:15,13.81
1792,5/31/17 7:30,13.81
1793,5/31/17 7:45,13.834
1794,5/31/17 8:00,13.858
1795,5/31/17 8:15,13.882
1796,5/31/17 8:30,13.906
1797,5/31/17 8:45,13.93
1798,5/31/17 9:00,13.954
1799,5/31/17 9:15,14.002
1800,5/31/17 9:30,14.026
1801,5/31/17 9:45,14.05
1802,5/31/17 10:00,14.098
1803,5/31/17 10:15,14.098
1804,5/31/17 10:30,14.122
1805,5/31/17 10:45,14.146
1806,5/31/17 11:00,14.146
1807,5/31/17 11:15,14.146
1808,5/31/17 11:30,14.194
1809,5/31/17 11:45,14.218
1810,5/31/17 12:00,14.242
1811,5/31/17 12:15,14.29
1812,5/31/17 12:30,14.29
1813,5/31/17 12:45,14.337
1814,5/31/17 13:00,14.385
1815,5/31/17 13:15,14.433
1816,5/31/17 13:30,14.505
1817,5/31/17 13:45,14.553
1818,5/31/17 14:00,14.625
1819,5/31/17 14:15,14.697
1820,5/31/17 14:30,14.721
1821,5/31/17 14:45,14.768
1822,5/31/17 15:00,14.792
1823,5/31/17 15:15,14.864
1824,5/31/17 15:30,14.936
1825,5/31/17 15:45,15.008
1826,5/31/17 16:00,15.055
1827,5/31/17 16:15,15.079
1828,5/31/17 16:30,15.103
1829,5/31/17 16:45,15.127
1830,5/31/17 17:00,15.151
1831,5/31/17 17:15,15.175
1832,5/31/17 17:30,15.223
1833,5/31/17 17:45,15.247
1834,5/31/17 18:00,15.175
1835,5/31/17 18:15,15.103
1836,5/31/17 18:30,15.055
1837,5/31/17 18:45,15.079
1838,5/31/17 19:00,15.151
1839,5/31/17 19:15,15.199
1840,5/31/17 19:30,15.223
1841,5/31/17 19:45,15.27
1842,5/31/17 20:00,15.294
1843,5/31/17 20:15,15.318
1844,5/31/17 20:30,15.294
1845,5/31/17 20:45,15.294
1846,5/31/17 21:00,15.27
1847,5/31/17 21:15,15.223
1848,5/31/17 21:30,15.199
1849,5/31/17 21:45,15.151
1850,5/31/17 22:00,15.079
1851,5/31/17 22:15,15.031
1852,5/31/17 22:30,14.984
1853,5/31/17 22:45,14.96
1854,5/31/17 23:00,14.912
1855,5/31/17 23:15,14.864
1856,5/31/17 23:30,14.816
1857,5/31/17 23:45,14.768
1858,6/1/17 0:00,14.745
1859,6/1/17 0:15,14.745
1860,6/1/17 0:30,14.721
1861,6/1/17 0:45,14.721
1862,6/1/17 1:00,14.721
1863,6/1/17 1:15,14.697
1864,6/1/17 1:30,14.673
1865,6/1/17 1:45,14.649
1866,6/1/17 2:00,14.625
1867,6/1/17 2:15,14.601
1868,6/1/17 2:30,14.577
1869,6/1/17 2:45,14.577
1870,6/1/17 3:00,14.529
1871,6/1/17 3:15,14.529
1872,6/1/17 3:30,14.505
1873,6/1/17 3:45,14.481
1874,6/1/17 4:00,14.481
1875,6/1/17 4:15,14.457
1876,6/1/17 4:30,14.433
1877,6/1/17 4:45,14.433
1878,6/1/17 5:00,14.409
1879,6/1/17 5:15,14.409
1880,6/1/17 5:30,14.409
1881,6/1/17 5:45,14.409
1882,6/1/17 6:00,14.409
1883,6/1/17 6:15,14.409
1884,6/1/17 6:30,14.409
1885,6/1/17 6:45,14.409
1886,6/1/17 7:00,14.409
1887,6/1/17 7:15,14.409
1888,6/1/17 7:30,14.433
1889,6/1/17 7:45,14.433
1890,6/1/17 8:00,14.457
1891,6/1/17 8:15,14.481
1892,6/1/17 8:30,14.505
1893,6/1/17 8:45,14.553
1894,6/1/17 9:00,14.625
1895,6/1/17 9:15,14.721
1896,6/1/17 9:30,14.816
1897,6/1/17 9:45,14.936
1898,6/1/17 10:00,15.055
1899,6/1/17 10:15,15.175
1900,6/1/17 10:30,15.27
1901,6/1/17 10:45,15.366
1902,6/1/17 11:00,15.485
1903,6/1/17 11:15,15.557
1904,6/1/17 11:30,15.7
1905,6/1/17 11:45,15.867
1906,6/1/17 12:00,16.034
1907,6/1/17 12:15,16.153
1908,6/1/17 12:30,16.272
1909,6/1/17 12:45,16.344
1910,6/1/17 13:00,16.392
1911,6/1/17 13:15,16.511
1912,6/1/17 13:30,16.654
1913,6/1/17 13:45,16.796
1914,6/1/17 14:00,16.868
1915,6/1/17 14:15,16.892
1916,6/1/17 14:30,16.915
1917,6/1/17 14:45,16.987
1918,6/1/17 15:00,17.034
1919,6/1/17 15:15,17.058
1920,6/1/17 15:30,17.082
1921,6/1/17 15:45,17.153
1922,6/1/17 16:00,17.249
1923,6/1/17 16:15,17.344
1924,6/1/17 16:30,17.391
1925,6/1/17 16:45,17.415
1926,6/1/17 17:00,17.391
1927,6/1/17 17:15,17.32
1928,6/1/17 17:30,17.225
1929,6/1/17 17:45,17.153
1930,6/1/17 18:00,17.13
1931,6/1/17 18:15,17.153
1932,6/1/17 18:30,17.201
1933,6/1/17 18:45,17.225
1934,6/1/17 19:00,17.201
1935,6/1/17 19:15,17.177
1936,6/1/17 19:30,17.153
1937,6/1/17 19:45,17.13
1938,6/1/17 20:00,17.058
1939,6/1/17 20:15,16.987
1940,6/1/17 20:30,16.915
1941,6/1/17 20:45,16.868
1942,6/1/17 21:00,16.844
1943,6/1/17 21:15,16.82
1944,6/1/17 21:30,16.796
1945,6/1/17 21:45,16.773
1946,6/1/17 22:00,16.749
1947,6/1/17 22:15,16.701
1948,6/1/17 22:30,16.654
1949,6/1/17 22:45,16.606
1950,6/1/17 23:00,16.534
1951,6/1/17 23:15,16.487
1952,6/1/17 23:30,16.439
1953,6/1/17 23:45,16.368
1954,6/2/17 0:00,16.296
1955,6/2/17 0:15,16.225
1956,6/2/17 0:30,16.129
1957,6/2/17 0:45,16.034
1958,6/2/17 1:00,15.939
1959,6/2/17 1:15,15.843
1960,6/2/17 1:30,15.772
1961,6/2/17 1:45,15.676
1962,6/2/17 2:00,15.605
1963,6/2/17 2:15,15.533
1964,6/2/17 2:30,15.438
1965,6/2/17 2:45,15.366
1966,6/2/17 3:00,15.27
1967,6/2/17 3:15,15.199
1968,6/2/17 3:30,15.103
1969,6/2/17 3:45,15.031
1970,6/2/17 4:00,14.96
1971,6/2/17 4:15,14.888
1972,6/2/17 4:30,14.816
1973,6/2/17 4:45,14.745
1974,6/2/17 5:00,14.673
1975,6/2/17 5:15,14.625
1976,6/2/17 5:30,14.577
1977,6/2/17 5:45,14.529
1978,6/2/17 6:00,14.505
1979,6/2/17 6:15,14.481
1980,6/2/17 6:30,14.457
1981,6/2/17 6:45,14.457
1982,6/2/17 7:00,14.457
1983,6/2/17 7:15,14.481
1984,6/2/17 7:30,14.529
1985,6/2/17 7:45,14.577
1986,6/2/17 8:00,14.625
1987,6/2/17 8:15,14.673
1988,6/2/17 8:30,14.745
1989,6/2/17 8:45,14.816
1990,6/2/17 9:00,14.912
1991,6/2/17 9:15,14.984
1992,6/2/17 9:30,15.055
1993,6/2/17 9:45,15.127
1994,6/2/17 10:00,15.199
1995,6/2/17 10:15,15.27
1996,6/2/17 10:30,15.318
1997,6/2/17 10:45,15.39
1998,6/2/17 11:00,15.438
1999,6/2/17 11:15,15.461
2000,6/2/17 11:30,15.485
2001,6/2/17 11:45,15.461
2002,6/2/17 12:00,15.509
2003,6/2/17 12:15,15.581
2004,6/2/17 12:30,15.652
2005,6/2/17 12:45,15.652
2006,6/2/17 13:00,15.652
2007,6/2/17 13:15,15.676
2008,6/2/17 13:30,15.724
2009,6/2/17 13:45,15.796
2010,6/2/17 14:00,15.867
2011,6/2/17 14:15,15.963
2012,6/2/17 14:30,15.986
2013,6/2/17 14:45,16.01
2014,6/2/17 15:00,15.986
2015,6/2/17 15:15,15.986
2016,6/2/17 15:30,15.986
2017,6/2/17 15:45,15.939
2018,6/2/17 16:00,15.939
2019,6/2/17 16:15,15.963
2020,6/2/17 16:30,15.986
2021,6/2/17 16:45,16.01
2022,6/2/17 17:00,15.986
2023,6/2/17 17:15,15.963
2024,6/2/17 17:30,15.939
2025,6/2/17 17:45,15.891
2026,6/2/17 18:00,15.867
2027,6/2/17 18:15,15.819
2028,6/2/17 18:30,15.819
2029,6/2/17 18:45,15.796
2030,6/2/17 19:00,15.772
2031,6/2/17 19:15,15.748
2032,6/2/17 19:30,15.724
2033,6/2/17 19:45,15.7
2034,6/2/17 20:00,15.676
2035,6/2/17 20:15,15.652
2036,6/2/17 20:30,15.629
2037,6/2/17 20:45,15.581
2038,6/2/17 21:00,15.557
2039,6/2/17 21:15,15.509
2040,6/2/17 21:30,15.461
2041,6/2/17 21:45,15.39
2042,6/2/17 22:00,15.342
2043,6/2/17 22:15,15.294
2044,6/2/17 22:30,15.247
2045,6/2/17 22:45,15.199
2046,6/2/17 23:00,15.127
2047,6/2/17 23:15,15.055
2048,6/2/17 23:30,15.008
2049,6/2/17 23:45,14.936
2050,6/3/17 0:00,14.864
2051,6/3/17 0:15,14.768
2052,6/3/17 0:30,14.697
2053,6/3/17 0:45,14.625
2054,6/3/17 1:00,14.553
2055,6/3/17 1:15,14.481
2056,6/3/17 1:30,14.433
2057,6/3/17 1:45,14.361
2058,6/3/17 2:00,14.314
2059,6/3/17 2:15,14.266
2060,6/3/17 2:30,14.194
2061,6/3/17 2:45,14.146
2062,6/3/17 3:00,14.098
2063,6/3/17 3:15,14.05
2064,6/3/17 3:30,13.978
2065,6/3/17 3:45,13.93
2066,6/3/17 4:00,13.882
2067,6/3/17 4:15,13.834
2068,6/3/17 4:30,13.786
2069,6/3/17 4:45,13.738
2070,6/3/17 5:00,13.714
2071,6/3/17 5:15,13.666
2072,6/3/17 5:30,13.618
2073,6/3/17 5:45,13.618
2074,6/3/17 6:00,13.594
2075,6/3/17 6:15,13.57
2076,6/3/17 6:30,13.57
2077,6/3/17 6:45,13.594
2078,6/3/17 7:00,13.618
2079,6/3/17 7:15,13.642
2080,6/3/17 7:30,13.69
2081,6/3/17 7:45,13.738
2082,6/3/17 8:00,13.81
2083,6/3/17 8:15,13.882
2084,6/3/17 8:30,13.954
2085,6/3/17 8:45,14.05
2086,6/3/17 9:00,14.122
2087,6/3/17 9:15,14.194
2088,6/3/17 9:30,14.266
2089,6/3/17 9:45,14.314
2090,6/3/17 10:00,14.385
2091,6/3/17 10:15,14.481
2092,6/3/17 10:30,14.529
2093,6/3/17 10:45,14.601
2094,6/3/17 11:00,14.697
2095,6/3/17 11:15,14.721
2096,6/3/17 11:30,14.768
2097,6/3/17 11:45,14.84
2098,6/3/17 12:00,14.912
2099,6/3/17 12:15,15.008
2100,6/3/17 12:30,15.055
2101,6/3/17 12:45,15.055
2102,6/3/17 13:00,15.079
2103,6/3/17 13:15,15.151
2104,6/3/17 13:30,15.247
2105,6/3/17 13:45,15.294
2106,6/3/17 14:00,15.366
2107,6/3/17 14:15,15.39
2108,6/3/17 14:30,15.438
2109,6/3/17 14:45,15.438
2110,6/3/17 15:00,15.461
2111,6/3/17 15:15,15.485
2112,6/3/17 15:30,15.557
2113,6/3/17 15:45,15.629
2114,6/3/17 16:00,15.7
2115,6/3/17 16:15,15.724
2116,6/3/17 16:30,15.748
2117,6/3/17 16:45,15.748
2118,6/3/17 17:00,15.724
2119,6/3/17 17:15,15.724
2120,6/3/17 17:30,15.676
2121,6/3/17 17:45,15.652
2122,6/3/17 18:00,15.629
2123,6/3/17 18:15,15.605
2124,6/3/17 18:30,15.581
2125,6/3/17 18:45,15.557
2126,6/3/17 19:00,15.533
2127,6/3/17 19:15,15.533
2128,6/3/17 19:30,15.533
2129,6/3/17 19:45,15.557
2130,6/3/17 20:00,15.581
2131,6/3/17 20:15,15.581
2132,6/3/17 20:30,15.533
2133,6/3/17 20:45,15.485
2134,6/3/17 21:00,15.438
2135,6/3/17 21:15,15.39
2136,6/3/17 21:30,15.342
2137,6/3/17 21:45,15.294
2138,6/3/17 22:00,15.247
2139,6/3/17 22:15,15.199
2140,6/3/17 22:30,15.151
2141,6/3/17 22:45,15.103
2142,6/3/17 23:00,15.055
2143,6/3/17 23:15,15.008
2144,6/3/17 23:30,14.912
2145,6/3/17 23:45,14.864
2146,6/4/17 0:00,14.792
2147,6/4/17 0:15,14.721
2148,6/4/17 0:30,14.649
2149,6/4/17 0:45,14.577
2150,6/4/17 1:00,14.505
2151,6/4/17 1:15,14.409
2152,6/4/17 1:30,14.337
2153,6/4/17 1:45,14.29
2154,6/4/17 2:00,14.218
2155,6/4/17 2:15,14.146
2156,6/4/17 2:30,14.074
2157,6/4/17 2:45,14.026
2158,6/4/17 3:00,13.954
2159,6/4/17 3:15,13.906
2160,6/4/17 3:30,13.858
2161,6/4/17 3:45,13.81
2162,6/4/17 4:00,13.762
2163,6/4/17 4:15,13.714
2164,6/4/17 4:30,13.642
2165,6/4/17 4:45,13.618
2166,6/4/17 5:00,13.57
2167,6/4/17 5:15,13.546
2168,6/4/17 5:30,13.522
2169,6/4/17 5:45,13.497
2170,6/4/17 6:00,13.473
2171,6/4/17 6:15,13.449
2172,6/4/17 6:30,13.449
2173,6/4/17 6:45,13.473
2174,6/4/17 7:00,13.497
2175,6/4/17 7:15,13.522
2176,6/4/17 7:30,13.57
2177,6/4/17 7:45,13.618
2178,6/4/17 8:00,13.69
2179,6/4/17 8:15,13.738
2180,6/4/17 8:30,13.81
2181,6/4/17 8:45,13.906
2182,6/4/17 9:00,13.978
2183,6/4/17 9:15,14.05
2184,6/4/17 9:30,14.122
2185,6/4/17 9:45,14.242
2186,6/4/17 10:00,14.361
2187,6/4/17 10:15,14.481
2188,6/4/17 10:30,14.601
2189,6/4/17 10:45,14.697
2190,6/4/17 11:00,14.768
2191,6/4/17 11:15,14.864
2192,6/4/17 11:30,14.936
2193,6/4/17 11:45,15.031
2194,6/4/17 12:00,15.103
2195,6/4/17 12:15,15.223
2196,6/4/17 12:30,15.342
2197,6/4/17 12:45,15.438
2198,6/4/17 13:00,15.509
2199,6/4/17 13:15,15.509
2200,6/4/17 13:30,15.485
2201,6/4/17 13:45,15.461
2202,6/4/17 14:00,15.438
2203,6/4/17 14:15,15.39
2204,6/4/17 14:30,15.342
2205,6/4/17 14:45,15.294
2206,6/4/17 15:00,15.27
2207,6/4/17 15:15,15.247
2208,6/4/17 15:30,15.199
2209,6/4/17 15:45,15.151
2210,6/4/17 16:00,15.127
2211,6/4/17 16:15,15.079
2212,6/4/17 16:30,15.079
2213,6/4/17 16:45,15.079
2214,6/4/17 17:00,15.079
2215,6/4/17 17:15,15.055
2216,6/4/17 17:30,15.055
2217,6/4/17 17:45,15.031
2218,6/4/17 18:00,15.031
2219,6/4/17 18:15,15.055
2220,6/4/17 18:30,15.079
2221,6/4/17 18:45,15.079
2222,6/4/17 19:00,15.055
2223,6/4/17 19:15,15.008
2224,6/4/17 19:30,14.96
2225,6/4/17 19:45,14.936
2226,6/4/17 20:00,14.888
2227,6/4/17 20:15,14.864
2228,6/4/17 20:30,14.84
2229,6/4/17 20:45,14.792
2230,6/4/17 21:00,14.768
2231,6/4/17 21:15,14.721
2232,6/4/17 21:30,14.673
2233,6/4/17 21:45,14.625
2234,6/4/17 22:00,14.577
2235,6/4/17 22:15,14.553
2236,6/4/17 22:30,14.529
2237,6/4/17 22:45,14.529
2238,6/4/17 23:00,14.505
2239,6/4/17 23:15,14.481
2240,6/4/17 23:30,14.481
2241,6/4/17 23:45,14.457
2242,6/5/17 0:00,14.457
2243,6/5/17 0:15,14.457
2244,6/5/17 0:30,14.433
2245,6/5/17 0:45,14.433
2246,6/5/17 1:00,14.433
2247,6/5/17 1:15,14.409
2248,6/5/17 1:30,14.409
2249,6/5/17 1:45,14.385
2250,6/5/17 2:00,14.361
2251,6/5/17 2:15,14.337
2252,6/5/17 2:30,14.314
2253,6/5/17 2:45,14.29
2254,6/5/17 3:00,14.218
2255,6/5/17 3:15,14.17
2256,6/5/17 3:30,14.098
2257,6/5/17 3:45,14.05
2258,6/5/17 4:00,14.026
2259,6/5/17 4:15,14.05
2260,6/5/17 4:30,14.05
2261,6/5/17 4:45,14.05
2262,6/5/17 5:00,14.026
2263,6/5/17 5:15,14.05
2264,6/5/17 5:30,14.05
2265,6/5/17 5:45,14.074
2266,6/5/17 6:00,14.098
2267,6/5/17 6:15,14.098
2268,6/5/17 6:30,14.098
2269,6/5/17 6:45,14.074
2270,6/5/17 7:00,14.098
2271,6/5/17 7:15,14.098
2272,6/5/17 7:30,14.074
2273,6/5/17 7:45,14.074
2274,6/5/17 8:00,14.074
2275,6/5/17 8:15,14.074
2276,6/5/17 8:30,14.074
2277,6/5/17 8:45,14.098
2278,6/5/17 9:00,14.098
2279,6/5/17 9:15,14.098
2280,6/5/17 9:30,14.098
2281,6/5/17 9:45,14.122
2282,6/5/17 10:00,14.122
2283,6/5/17 10:15,14.122
2284,6/5/17 10:30,14.146
2285,6/5/17 10:45,14.146
2286,6/5/17 11:00,14.17
2287,6/5/17 11:15,14.194
2288,6/5/17 11:30,14.194
2289,6/5/17 11:45,14.242
2290,6/5/17 12:00,14.266
2291,6/5/17 12:15,14.29
2292,6/5/17 12:30,14.314
2293,6/5/17 12:45,14.337
2294,6/5/17 13:00,14.361
2295,6/5/17 13:15,14.385
2296,6/5/17 13:30,14.385
2297,6/5/17 13:45,14.385
2298,6/5/17 14:00,14.385
2299,6/5/17 14:15,14.385
2300,6/5/17 14:30,14.409
2301,6/5/17 14:45,14.409
2302,6/5/17 15:00,14.433
2303,6/5/17 15:15,14.433
2304,6/5/17 15:30,14.433
2305,6/5/17 15:45,14.457
2306,6/5/17 16:00,14.457
2307,6/5/17 16:15,14.457
2308,6/5/17 16:30,14.433
2309,6/5/17 16:45,14.385
2310,6/5/17 17:00,14.361
2311,6/5/17 17:15,14.337
2312,6/5/17 17:30,14.29
2313,6/5/17 17:45,14.266
2314,6/5/17 18:00,14.218
2315,6/5/17 18:15,14.194
2316,6/5/17 18:30,14.146
2317,6/5/17 18:45,14.122
2318,6/5/17 19:00,14.074
2319,6/5/17 19:15,14.026
2320,6/5/17 19:30,13.978
2321,6/5/17 19:45,13.954
2322,6/5/17 20:00,13.906
2323,6/5/17 20:15,13.906
2324,6/5/17 20:30,13.882
2325,6/5/17 20:45,13.858
2326,6/5/17 21:00,13.858
2327,6/5/17 21:15,13.81
2328,6/5/17 21:30,13.81
2329,6/5/17 21:45,13.786
2330,6/5/17 22:00,13.762
2331,6/5/17 22:15,13.762
2332,6/5/17 22:30,13.762
2333,6/5/17 22:45,13.762
2334,6/5/17 23:00,13.762
2335,6/5/17 23:15,13.762
2336,6/5/17 23:30,13.738
2337,6/5/17 23:45,13.714
2338,6/6/17 0:00,13.714
2339,6/6/17 0:15,13.69
2340,6/6/17 0:30,13.642
2341,6/6/17 0:45,13.618
2342,6/6/17 1:00,13.618
2343,6/6/17 1:15,13.594
2344,6/6/17 1:30,13.57
2345,6/6/17 1:45,13.546
2346,6/6/17 2:00,13.522
2347,6/6/17 2:15,13.522
2348,6/6/17 2:30,13.497
2349,6/6/17 2:45,13.473
2350,6/6/17 3:00,13.473
2351,6/6/17 3:15,13.449
2352,6/6/17 3:30,13.449
2353,6/6/17 3:45,13.425
2354,6/6/17 4:00,13.425
2355,6/6/17 4:15,13.401
2356,6/6/17 4:30,13.377
2357,6/6/17 4:45,13.377
2358,6/6/17 5:00,13.353
2359,6/6/17 5:15,13.329
2360,6/6/17 5:30,13.305
2361,6/6/17 5:45,13.281
2362,6/6/17 6:00,13.257
2363,6/6/17 6:15,13.233
2364,6/6/17 6:30,13.209
2365,6/6/17 6:45,13.185
2366,6/6/17 7:00,13.161
2367,6/6/17 7:15,13.137
2368,6/6/17 7:30,13.112
2369,6/6/17 7:45,13.064
2370,6/6/17 8:00,13.016
2371,6/6/17 8:15,12.944
2372,6/6/17 8:30,12.92
2373,6/6/17 8:45,12.92
2374,6/6/17 9:00,12.896
2375,6/6/17 9:15,12.871
2376,6/6/17 9:30,12.871
2377,6/6/17 9:45,12.896
2378,6/6/17 10:00,12.92
2379,6/6/17 10:15,12.944
2380,6/6/17 10:30,12.968
2381,6/6/17 10:45,12.992
2382,6/6/17 11:00,13.016
2383,6/6/17 11:15,13.04
2384,6/6/17 11:30,13.064
2385,6/6/17 11:45,13.088
2386,6/6/17 12:00,13.088
2387,6/6/17 12:15,13.088
2388,6/6/17 12:30,13.112
2389,6/6/17 12:45,13.112
2390,6/6/17 13:00,13.112
2391,6/6/17 13:15,13.112
2392,6/6/17 13:30,13.112
2393,6/6/17 13:45,13.088
2394,6/6/17 14:00,13.088
2395,6/6/17 14:15,13.088
2396,6/6/17 14:30,13.064
2397,6/6/17 14:45,13.04
2398,6/6/17 15:00,13.04
2399,6/6/17 15:15,13.016
2400,6/6/17 15:30,13.016
2401,6/6/17 15:45,12.992
2402,6/6/17 16:00,12.968
2403,6/6/17 16:15,12.92
2404,6/6/17 16:30,12.896
2405,6/6/17 16:45,12.871
2406,6/6/17 17:00,12.823
2407,6/6/17 17:15,12.775
2408,6/6/17 17:30,12.751
2409,6/6/17 17:45,12.751
2410,6/6/17 18:00,12.751
2411,6/6/17 18:15,12.751
2412,6/6/17 18:30,12.751
2413,6/6/17 18:45,12.751
2414,6/6/17 19:00,12.751
2415,6/6/17 19:15,12.775
2416,6/6/17 19:30,12.799
2417,6/6/17 19:45,12.799
2418,6/6/17 20:00,12.823
2419,6/6/17 20:15,12.823
2420,6/6/17 20:30,12.823
2421,6/6/17 20:45,12.847
2422,6/6/17 21:00,12.847
2423,6/6/17 21:15,12.847
2424,6/6/17 21:30,12.847
2425,6/6/17 21:45,12.847
2426,6/6/17 22:00,12.847
2427,6/6/17 22:15,12.847
2428,6/6/17 22:30,12.847
2429,6/6/17 22:45,12.847
2430,6/6/17 23:00,12.847
2431,6/6/17 23:15,12.847
2432,6/6/17 23:30,12.847
2433,6/6/17 23:45,12.847
2434,6/7/17 0:00,12.847
2435,6/7/17 0:15,12.871
2436,6/7/17 0:30,12.871
2437,6/7/17 0:45,12.896
2438,6/7/17 1:00,12.896
2439,6/7/17 1:15,12.896
2440,6/7/17 1:30,12.92
2441,6/7/17 1:45,12.92
2442,6/7/17 2:00,12.944
2443,6/7/17 2:15,12.944
2444,6/7/17 2:30,12.968
2445,6/7/17 2:45,12.992
2446,6/7/17 3:00,12.992
2447,6/7/17 3:15,13.016
2448,6/7/17 3:30,13.016
2449,6/7/17 3:45,13.04
2450,6/7/17 4:00,13.04
2451,6/7/17 4:15,13.064
2452,6/7/17 4:30,13.064
2453,6/7/17 4:45,13.088
2454,6/7/17 5:00,13.112
2455,6/7/17 5:15,13.112
2456,6/7/17 5:30,13.137
2457,6/7/17 5:45,13.137
2458,6/7/17 6:00,13.161
2459,6/7/17 6:15,13.185
2460,6/7/17 6:30,13.209
2461,6/7/17 6:45,13.233
2462,6/7/17 7:00,13.257
2463,6/7/17 7:15,13.281
2464,6/7/17 7:30,13.329
2465,6/7/17 7:45,13.353
2466,6/7/17 8:00,13.401
2467,6/7/17 8:15,13.449
2468,6/7/17 8:30,13.522
2469,6/7/17 8:45,13.546
2470,6/7/17 9:00,13.594
2471,6/7/17 9:15,13.666
2472,6/7/17 9:30,13.738
2473,6/7/17 9:45,13.81
2474,6/7/17 10:00,13.882
2475,6/7/17 10:15,13.954
2476,6/7/17 10:30,14.05
2477,6/7/17 10:45,14.17
2478,6/7/17 11:00,14.337
2479,6/7/17 11:15,14.529
2480,6/7/17 11:30,14.721
2481,6/7/17 11:45,14.936
2482,6/7/17 12:00,15.127
2483,6/7/17 12:15,15.27
2484,6/7/17 12:30,15.414
2485,6/7/17 12:45,15.557
2486,6/7/17 13:00,15.676
2487,6/7/17 13:15,15.819
2488,6/7/17 13:30,15.986
2489,6/7/17 13:45,16.106
2490,6/7/17 14:00,16.177
2491,6/7/17 14:15,16.296
2492,6/7/17 14:30,16.463
2493,6/7/17 14:45,16.63
2494,6/7/17 15:00,16.749
2495,6/7/17 15:15,16.82
2496,6/7/17 15:30,16.82
2497,6/7/17 15:45,16.892
2498,6/7/17 16:00,16.987
2499,6/7/17 16:15,17.058
2500,6/7/17 16:30,17.201
2501,6/7/17 16:45,17.296
2502,6/7/17 17:00,17.344
2503,6/7/17 17:15,17.391
2504,6/7/17 17:30,17.415
2505,6/7/17 17:45,17.368
2506,6/7/17 18:00,17.296
2507,6/7/17 18:15,17.249
2508,6/7/17 18:30,17.249
2509,6/7/17 18:45,17.249
2510,6/7/17 19:00,17.272
2511,6/7/17 19:15,17.249
2512,6/7/17 19:30,17.249
2513,6/7/17 19:45,17.225
2514,6/7/17 20:00,17.201
2515,6/7/17 20:15,17.177
2516,6/7/17 20:30,17.106
2517,6/7/17 20:45,17.034
2518,6/7/17 21:00,16.963
2519,6/7/17 21:15,16.868
2520,6/7/17 21:30,16.796
2521,6/7/17 21:45,16.749
2522,6/7/17 22:00,16.701
2523,6/7/17 22:15,16.654
2524,6/7/17 22:30,16.582
2525,6/7/17 22:45,16.534
2526,6/7/17 23:00,16.511
2527,6/7/17 23:15,16.463
2528,6/7/17 23:30,16.415
2529,6/7/17 23:45,16.344
2530,6/8/17 0:00,16.296
2531,6/8/17 0:15,16.249
2532,6/8/17 0:30,16.201
2533,6/8/17 0:45,16.129
2534,6/8/17 1:00,16.082
2535,6/8/17 1:15,16.01
2536,6/8/17 1:30,15.963
2537,6/8/17 1:45,15.915
2538,6/8/17 2:00,15.867
2539,6/8/17 2:15,15.819
2540,6/8/17 2:30,15.772
2541,6/8/17 2:45,15.7
2542,6/8/17 3:00,15.652
2543,6/8/17 3:15,15.605
2544,6/8/17 3:30,15.533
2545,6/8/17 3:45,15.485
2546,6/8/17 4:00,15.438
2547,6/8/17 4:15,15.366
2548,6/8/17 4:30,15.318
2549,6/8/17 4:45,15.27
2550,6/8/17 5:00,15.199
2551,6/8/17 5:15,15.151
2552,6/8/17 5:30,15.127
2553,6/8/17 5:45,15.079
2554,6/8/17 6:00,15.055
2555,6/8/17 6:15,15.008
2556,6/8/17 6:30,14.984
2557,6/8/17 6:45,14.984
2558,6/8/17 7:00,14.96
2559,6/8/17 7:15,14.984
2560,6/8/17 7:30,15.008
2561,6/8/17 7:45,15.031
2562,6/8/17 8:00,15.079
2563,6/8/17 8:15,15.127
2564,6/8/17 8:30,15.175
2565,6/8/17 8:45,15.223
2566,6/8/17 9:00,15.294
2567,6/8/17 9:15,15.39
2568,6/8/17 9:30,15.509
2569,6/8/17 9:45,15.629
2570,6/8/17 10:00,15.748
2571,6/8/17 10:15,15.867
2572,6/8/17 10:30,15.986
2573,6/8/17 10:45,16.129
2574,6/8/17 11:00,16.249
2575,6/8/17 11:15,16.392
2576,6/8/17 11:30,16.558
2577,6/8/17 11:45,16.63
2578,6/8/17 12:00,16.654
2579,6/8/17 12:15,16.654
2580,6/8/17 12:30,16.654
2581,6/8/17 12:45,16.63
2582,6/8/17 13:00,16.701
2583,6/8/17 13:15,16.749
2584,6/8/17 13:30,16.82
2585,6/8/17 13:45,16.939
2586,6/8/17 14:00,17.034
2587,6/8/17 14:15,17.106
2588,6/8/17 14:30,17.153
2589,6/8/17 14:45,17.225
2590,6/8/17 15:00,17.344
2591,6/8/17 15:15,17.415
2592,6/8/17 15:30,17.415
2593,6/8/17 15:45,17.439
2594,6/8/17 16:00,17.51
2595,6/8/17 16:15,17.534
2596,6/8/17 16:30,17.534
2597,6/8/17 16:45,17.582
2598,6/8/17 17:00,17.629
2599,6/8/17 17:15,17.677
2600,6/8/17 17:30,17.724
2601,6/8/17 17:45,17.772
2602,6/8/17 18:00,17.772
2603,6/8/17 18:15,17.772
2604,6/8/17 18:30,17.748
2605,6/8/17 18:45,17.748
2606,6/8/17 19:00,17.724
2607,6/8/17 19:15,17.701
2608,6/8/17 19:30,17.653
2609,6/8/17 19:45,17.629
2610,6/8/17 20:00,17.582
2611,6/8/17 20:15,17.534
2612,6/8/17 20:30,17.486
2613,6/8/17 20:45,17.439
2614,6/8/17 21:00,17.391
2615,6/8/17 21:15,17.368
2616,6/8/17 21:30,17.368
2617,6/8/17 21:45,17.344
2618,6/8/17 22:00,17.296
2619,6/8/17 22:15,17.225
2620,6/8/17 22:30,17.153
2621,6/8/17 22:45,17.058
2622,6/8/17 23:00,16.963
2623,6/8/17 23:15,16.892
2624,6/8/17 23:30,16.796
2625,6/8/17 23:45,16.725
2626,6/9/17 0:00,16.677
2627,6/9/17 0:15,16.63
2628,6/9/17 0:30,16.606
2629,6/9/17 0:45,16.558
2630,6/9/17 1:00,16.511
2631,6/9/17 1:15,16.463
2632,6/9/17 1:30,16.392
2633,6/9/17 1:45,16.344
2634,6/9/17 2:00,16.296
2635,6/9/17 2:15,16.225
2636,6/9/17 2:30,16.153
2637,6/9/17 2:45,16.082
2638,6/9/17 3:00,16.034
2639,6/9/17 3:15,15.963
2640,6/9/17 3:30,15.915
2641,6/9/17 3:45,15.867
2642,6/9/17 4:00,15.819
2643,6/9/17 4:15,15.748
2644,6/9/17 4:30,15.7
2645,6/9/17 4:45,15.629
2646,6/9/17 5:00,15.581
2647,6/9/17 5:15,15.533
2648,6/9/17 5:30,15.485
2649,6/9/17 5:45,15.438
2650,6/9/17 6:00,15.39
2651,6/9/17 6:15,15.366
2652,6/9/17 6:30,15.342
2653,6/9/17 6:45,15.318
2654,6/9/17 7:00,15.318
2655,6/9/17 7:15,15.318
2656,6/9/17 7:30,15.342
2657,6/9/17 7:45,15.366
2658,6/9/17 8:00,15.414
2659,6/9/17 8:15,15.461
2660,6/9/17 8:30,15.533
2661,6/9/17 8:45,15.605
2662,6/9/17 9:00,15.676
2663,6/9/17 9:15,15.772
2664,6/9/17 9:30,15.867
2665,6/9/17 9:45,15.939
2666,6/9/17 10:00,16.01
2667,6/9/17 10:15,16.082
2668,6/9/17 10:30,16.129
2669,6/9/17 10:45,16.201
2670,6/9/17 11:00,16.249
2671,6/9/17 11:15,16.296
2672,6/9/17 11:30,16.344
2673,6/9/17 11:45,16.392
2674,6/9/17 12:00,16.415
2675,6/9/17 12:15,16.463
2676,6/9/17 12:30,16.511
2677,6/9/17 12:45,16.606
2678,6/9/17 13:00,16.725
2679,6/9/17 13:15,16.868
2680,6/9/17 13:30,17.058
2681,6/9/17 13:45,17.249
2682,6/9/17 14:00,17.32
2683,6/9/17 14:15,17.391
2684,6/9/17 14:30,17.463
2685,6/9/17 14:45,17.51
2686,6/9/17 15:00,17.534
2687,6/9/17 15:15,17.558
2688,6/9/17 15:30,17.558
2689,6/9/17 15:45,17.558
2690,6/9/17 16:00,17.582
2691,6/9/17 16:15,17.605
2692,6/9/17 16:30,17.582
2693,6/9/17 16:45,17.534
2694,6/9/17 17:00,17.558
2695,6/9/17 17:15,17.629
2696,6/9/17 17:30,17.677
2697,6/9/17 17:45,17.724
2698,6/9/17 18:00,17.772
2699,6/9/17 18:15,17.843
2700,6/9/17 18:30,17.867
2701,6/9/17 18:45,17.819
2702,6/9/17 19:00,17.724
2703,6/9/17 19:15,17.653
2704,6/9/17 19:30,17.582
2705,6/9/17 19:45,17.558
2706,6/9/17 20:00,17.51
2707,6/9/17 20:15,17.463
2708,6/9/17 20:30,17.415
2709,6/9/17 20:45,17.391
2710,6/9/17 21:00,17.368
2711,6/9/17 21:15,17.344
2712,6/9/17 21:30,17.296
2713,6/9/17 21:45,17.249
2714,6/9/17 22:00,17.225
2715,6/9/17 22:15,17.177
2716,6/9/17 22:30,17.153
2717,6/9/17 22:45,17.082
2718,6/9/17 23:00,17.034
2719,6/9/17 23:15,16.987
2720,6/9/17 23:30,16.915
2721,6/9/17 23:45,16.868
2722,6/10/17 0:00,16.796
2723,6/10/17 0:15,16.725
2724,6/10/17 0:30,16.677
2725,6/10/17 0:45,16.582
2726,6/10/17 1:00,16.534
2727,6/10/17 1:15,16.463
2728,6/10/17 1:30,16.392
2729,6/10/17 1:45,16.344
2730,6/10/17 2:00,16.296
2731,6/10/17 2:15,16.249
2732,6/10/17 2:30,16.201
2733,6/10/17 2:45,16.153
2734,6/10/17 3:00,16.106
2735,6/10/17 3:15,16.058
2736,6/10/17 3:30,16.01
2737,6/10/17 3:45,15.963
2738,6/10/17 4:00,15.915
2739,6/10/17 4:15,15.867
2740,6/10/17 4:30,15.819
2741,6/10/17 4:45,15.772
2742,6/10/17 5:00,15.748
2743,6/10/17 5:15,15.7
2744,6/10/17 5:30,15.652
2745,6/10/17 5:45,15.629
2746,6/10/17 6:00,15.605
2747,6/10/17 6:15,15.605
2748,6/10/17 6:30,15.581
2749,6/10/17 6:45,15.581
2750,6/10/17 7:00,15.605
2751,6/10/17 7:15,15.629
2752,6/10/17 7:30,15.652
2753,6/10/17 7:45,15.7
2754,6/10/17 8:00,15.748
2755,6/10/17 8:15,15.819
2756,6/10/17 8:30,15.867
2757,6/10/17 8:45,15.939
2758,6/10/17 9:00,16.01
2759,6/10/17 9:15,16.082
2760,6/10/17 9:30,16.177
2761,6/10/17 9:45,16.249
2762,6/10/17 10:00,16.344
2763,6/10/17 10:15,16.439
2764,6/10/17 10:30,16.511
2765,6/10/17 10:45,16.582
2766,6/10/17 11:00,16.677
2767,6/10/17 11:15,16.773
2768,6/10/17 11:30,16.892
2769,6/10/17 11:45,17.011
2770,6/10/17 12:00,17.13
2771,6/10/17 12:15,17.249
2772,6/10/17 12:30,17.391
2773,6/10/17 12:45,17.463
2774,6/10/17 13:00,17.558
2775,6/10/17 13:15,17.653
2776,6/10/17 13:30,17.748
2777,6/10/17 13:45,17.819
2778,6/10/17 14:00,17.891
2779,6/10/17 14:15,17.962
2780,6/10/17 14:30,18.057
2781,6/10/17 14:45,18.176
2782,6/10/17 15:00,18.224
2783,6/10/17 15:15,18.295
2784,6/10/17 15:30,18.295
2785,6/10/17 15:45,18.343
2786,6/10/17 16:00,18.39
2787,6/10/17 16:15,18.438
2788,6/10/17 16:30,18.438
2789,6/10/17 16:45,18.461
2790,6/10/17 17:00,18.509
2791,6/10/17 17:15,18.557
2792,6/10/17 17:30,18.604
2793,6/10/17 17:45,18.628
2794,6/10/17 18:00,18.675
2795,6/10/17 18:15,18.699
2796,6/10/17 18:30,18.723
2797,6/10/17 18:45,18.747
2798,6/10/17 19:00,18.747
2799,6/10/17 19:15,18.747
2800,6/10/17 19:30,18.747
2801,6/10/17 19:45,18.747
2802,6/10/17 20:00,18.747
2803,6/10/17 20:15,18.747
2804,6/10/17 20:30,18.747
2805,6/10/17 20:45,18.723
2806,6/10/17 21:00,18.699
2807,6/10/17 21:15,18.699
2808,6/10/17 21:30,18.699
2809,6/10/17 21:45,18.699
2810,6/10/17 22:00,18.699
2811,6/10/17 22:15,18.675
2812,6/10/17 22:30,18.652
2813,6/10/17 22:45,18.604
2814,6/10/17 23:00,18.533
2815,6/10/17 23:15,18.485
2816,6/10/17 23:30,18.39
2817,6/10/17 23:45,18.319
2818,6/11/17 0:00,18.247
2819,6/11/17 0:15,18.176
2820,6/11/17 0:30,18.105
2821,6/11/17 0:45,18.033
2822,6/11/17 1:00,17.986
2823,6/11/17 1:15,17.938
2824,6/11/17 1:30,17.891
2825,6/11/17 1:45,17.843
2826,6/11/17 2:00,17.819
2827,6/11/17 2:15,17.772
2828,6/11/17 2:30,17.724
2829,6/11/17 2:45,17.677
2830,6/11/17 3:00,17.629
2831,6/11/17 3:15,17.558
2832,6/11/17 3:30,17.534
2833,6/11/17 3:45,17.463
2834,6/11/17 4:00,17.415
2835,6/11/17 4:15,17.368
2836,6/11/17 4:30,17.344
2837,6/11/17 4:45,17.296
2838,6/11/17 5:00,17.249
2839,6/11/17 5:15,17.177
2840,6/11/17 5:30,17.13
2841,6/11/17 5:45,17.082
2842,6/11/17 6:00,17.058
2843,6/11/17 6:15,17.011
2844,6/11/17 6:30,16.987
2845,6/11/17 6:45,16.963
2846,6/11/17 7:00,16.987
2847,6/11/17 7:15,17.011
2848,6/11/17 7:30,17.058
2849,6/11/17 7:45,17.106
2850,6/11/17 8:00,17.177
2851,6/11/17 8:15,17.225
2852,6/11/17 8:30,17.296
2853,6/11/17 8:45,17.344
2854,6/11/17 9:00,17.368
2855,6/11/17 9:15,17.391
2856,6/11/17 9:30,17.415
2857,6/11/17 9:45,17.439
2858,6/11/17 10:00,17.486
2859,6/11/17 10:15,17.534
2860,6/11/17 10:30,17.582
2861,6/11/17 10:45,17.629
2862,6/11/17 11:00,17.677
2863,6/11/17 11:15,17.701
2864,6/11/17 11:30,17.772
2865,6/11/17 11:45,17.867
2866,6/11/17 12:00,18.01
2867,6/11/17 12:15,18.129
2868,6/11/17 12:30,18.295
2869,6/11/17 12:45,18.438
2870,6/11/17 13:00,18.58
2871,6/11/17 13:15,18.699
2872,6/11/17 13:30,18.818
2873,6/11/17 13:45,18.913
2874,6/11/17 14:00,19.008
2875,6/11/17 14:15,19.056
2876,6/11/17 14:30,19.103
2877,6/11/17 14:45,19.199
2878,6/11/17 15:00,19.246
2879,6/11/17 15:15,19.365
2880,6/11/17 15:30,19.484
2881,6/11/17 15:45,19.579
2882,6/11/17 16:00,19.651
2883,6/11/17 16:15,19.746
2884,6/11/17 16:30,19.865
2885,6/11/17 16:45,19.888
2886,6/11/17 17:00,19.96
2887,6/11/17 17:15,20.031
2888,6/11/17 17:30,20.079
2889,6/11/17 17:45,20.103
2890,6/11/17 18:00,20.126
2891,6/11/17 18:15,20.126
2892,6/11/17 18:30,20.126
2893,6/11/17 18:45,20.15
2894,6/11/17 19:00,20.15
2895,6/11/17 19:15,20.15
2896,6/11/17 19:30,20.15
2897,6/11/17 19:45,20.126
2898,6/11/17 20:00,20.079
2899,6/11/17 20:15,20.031
2900,6/11/17 20:30,19.984
2901,6/11/17 20:45,19.984
2902,6/11/17 21:00,19.984
2903,6/11/17 21:15,20.007
2904,6/11/17 21:30,19.984
2905,6/11/17 21:45,19.96
2906,6/11/17 22:00,19.888
2907,6/11/17 22:15,19.793
2908,6/11/17 22:30,19.722
2909,6/11/17 22:45,19.651
2910,6/11/17 23:00,19.603
2911,6/11/17 23:15,19.555
2912,6/11/17 23:30,19.532
2913,6/11/17 23:45,19.46
2914,6/12/17 0:00,19.389
2915,6/12/17 0:15,19.341
2916,6/12/17 0:30,19.27
2917,6/12/17 0:45,19.175
2918,6/12/17 1:00,19.08
2919,6/12/17 1:15,18.985
2920,6/12/17 1:30,18.889
2921,6/12/17 1:45,18.794
2922,6/12/17 2:00,18.747
2923,6/12/17 2:15,18.699
2924,6/12/17 2:30,18.675
2925,6/12/17 2:45,18.652
2926,6/12/17 3:00,18.604
2927,6/12/17 3:15,18.58
2928,6/12/17 3:30,18.533
2929,6/12/17 3:45,18.485
2930,6/12/17 4:00,18.438
2931,6/12/17 4:15,18.39
2932,6/12/17 4:30,18.343
2933,6/12/17 4:45,18.295
2934,6/12/17 5:00,18.224
2935,6/12/17 5:15,18.176
2936,6/12/17 5:30,18.129
2937,6/12/17 5:45,18.081
2938,6/12/17 6:00,18.033
2939,6/12/17 6:15,18.01
2940,6/12/17 6:30,17.986
2941,6/12/17 6:45,17.962
2942,6/12/17 7:00,17.962
2943,6/12/17 7:15,17.962
2944,6/12/17 7:30,17.986
2945,6/12/17 7:45,17.986
2946,6/12/17 8:00,18.01
2947,6/12/17 8:15,18.057
2948,6/12/17 8:30,18.105
2949,6/12/17 8:45,18.176
2950,6/12/17 9:00,18.247
2951,6/12/17 9:15,18.319
2952,6/12/17 9:30,18.414
2953,6/12/17 9:45,18.509
2954,6/12/17 10:00,18.604
2955,6/12/17 10:15,18.723
2956,6/12/17 10:30,18.842
2957,6/12/17 10:45,18.937
2958,6/12/17 11:00,19.056
2959,6/12/17 11:15,19.175
2960,6/12/17 11:30,19.318
2961,6/12/17 11:45,19.484
2962,6/12/17 12:00,19.651
2963,6/12/17 12:15,19.793
2964,6/12/17 12:30,19.936
2965,6/12/17 12:45,20.055
2966,6/12/17 13:00,20.15
2967,6/12/17 13:15,20.269
2968,6/12/17 13:30,20.365
2969,6/12/17 13:45,20.436
2970,6/12/17 14:00,20.579
2971,6/12/17 14:15,20.722
2972,6/12/17 14:30,20.865
2973,6/12/17 14:45,20.984
2974,6/12/17 15:00,21.079
2975,6/12/17 15:15,21.151
2976,6/12/17 15:30,21.223
2977,6/12/17 15:45,21.294
2978,6/12/17 16:00,21.366
2979,6/12/17 16:15,21.413
2980,6/12/17 16:30,21.413
2981,6/12/17 16:45,21.413
2982,6/12/17 17:00,21.39
2983,6/12/17 17:15,21.366
2984,6/12/17 17:30,21.342
2985,6/12/17 17:45,21.366
2986,6/12/17 18:00,21.39
2987,6/12/17 18:15,21.437
2988,6/12/17 18:30,21.437
2989,6/12/17 18:45,21.413
2990,6/12/17 19:00,21.39
2991,6/12/17 19:15,21.39
2992,6/12/17 19:30,21.366
2993,6/12/17 19:45,21.342
2994,6/12/17 20:00,21.294
2995,6/12/17 20:15,21.246
2996,6/12/17 20:30,21.246
2997,6/12/17 20:45,21.294
2998,6/12/17 21:00,21.318
2999,6/12/17 21:15,21.318
3000,6/12/17 21:30,21.294
3001,6/12/17 21:45,21.246
3002,6/12/17 22:00,21.175
3003,6/12/17 22:15,21.103
3004,6/12/17 22:30,21.032
3005,6/12/17 22:45,20.96
3006,6/12/17 23:00,20.865
3007,6/12/17 23:15,20.77
3008,6/12/17 23:30,20.65
3009,6/12/17 23:45,20.579
3010,6/13/17 0:00,20.484
3011,6/13/17 0:15,20.412
3012,6/13/17 0:30,20.341
3013,6/13/17 0:45,20.269
3014,6/13/17 1:00,20.198
3015,6/13/17 1:15,20.126
3016,6/13/17 1:30,20.055
3017,6/13/17 1:45,19.984
3018,6/13/17 2:00,19.912
3019,6/13/17 2:15,19.817
3020,6/13/17 2:30,19.77
3021,6/13/17 2:45,19.722
3022,6/13/17 3:00,19.674
3023,6/13/17 3:15,19.627
3024,6/13/17 3:30,19.579
3025,6/13/17 3:45,19.532
3026,6/13/17 4:00,19.484
3027,6/13/17 4:15,19.436
3028,6/13/17 4:30,19.365
3029,6/13/17 4:45,19.318
3030,6/13/17 5:00,19.27
3031,6/13/17 5:15,19.222
3032,6/13/17 5:30,19.175
3033,6/13/17 5:45,19.127
3034,6/13/17 6:00,19.08
3035,6/13/17 6:15,19.056
3036,6/13/17 6:30,19.008
3037,6/13/17 6:45,18.985
3038,6/13/17 7:00,18.985
3039,6/13/17 7:15,18.985
3040,6/13/17 7:30,19.008
3041,6/13/17 7:45,19.032
3042,6/13/17 8:00,19.056
3043,6/13/17 8:15,19.103
3044,6/13/17 8:30,19.151
3045,6/13/17 8:45,19.175
3046,6/13/17 9:00,19.222
3047,6/13/17 9:15,19.246
3048,6/13/17 9:30,19.294
3049,6/13/17 9:45,19.365
3050,6/13/17 10:00,19.46
3051,6/13/17 10:15,19.555
3052,6/13/17 10:30,19.627
3053,6/13/17 10:45,19.722
3054,6/13/17 11:00,19.793
3055,6/13/17 11:15,19.865
3056,6/13/17 11:30,19.984
3057,6/13/17 11:45,20.126
3058,6/13/17 12:00,20.293
3059,6/13/17 12:15,20.436
3060,6/13/17 12:30,20.603
3061,6/13/17 12:45,20.746
3062,6/13/17 13:00,20.865
3063,6/13/17 13:15,20.936
3064,6/13/17 13:30,21.008
3065,6/13/17 13:45,21.056
3066,6/13/17 14:00,21.103
3067,6/13/17 14:15,21.175
3068,6/13/17 14:30,21.223
3069,6/13/17 14:45,21.246
3070,6/13/17 15:00,21.246
3071,6/13/17 15:15,21.27
3072,6/13/17 15:30,21.294
3073,6/13/17 15:45,21.366
3074,6/13/17 16:00,21.437
3075,6/13/17 16:15,21.509
3076,6/13/17 16:30,21.581
3077,6/13/17 16:45,21.652
3078,6/13/17 17:00,21.7
3079,6/13/17 17:15,21.724
3080,6/13/17 17:30,21.7
3081,6/13/17 17:45,21.676
3082,6/13/17 18:00,21.652
3083,6/13/17 18:15,21.604
3084,6/13/17 18:30,21.581
3085,6/13/17 18:45,21.581
3086,6/13/17 19:00,21.604
3087,6/13/17 19:15,21.628
3088,6/13/17 19:30,21.676
3089,6/13/17 19:45,21.724
3090,6/13/17 20:00,21.724
3091,6/13/17 20:15,21.7
3092,6/13/17 20:30,21.652
3093,6/13/17 20:45,21.581
3094,6/13/17 21:00,21.485
3095,6/13/17 21:15,21.413
3096,6/13/17 21:30,21.318
3097,6/13/17 21:45,21.246
3098,6/13/17 22:00,21.199
3099,6/13/17 22:15,21.151
3100,6/13/17 22:30,21.103
3101,6/13/17 22:45,21.079
3102,6/13/17 23:00,21.056
3103,6/13/17 23:15,21.056
3104,6/13/17 23:30,21.032
3105,6/13/17 23:45,20.984
3106,6/14/17 0:00,20.913
3107,6/14/17 0:15,20.817
3108,6/14/17 0:30,20.746
3109,6/14/17 0:45,20.674
3110,6/14/17 1:00,20.603
3111,6/14/17 1:15,20.555
3112,6/14/17 1:30,20.484
3113,6/14/17 1:45,20.388
3114,6/14/17 2:00,20.317
3115,6/14/17 2:15,20.222
3116,6/14/17 2:30,20.126
3117,6/14/17 2:45,20.031
3118,6/14/17 3:00,19.936
3119,6/14/17 3:15,19.865
3120,6/14/17 3:30,19.77
3121,6/14/17 3:45,19.674
3122,6/14/17 4:00,19.579
3123,6/14/17 4:15,19.46
3124,6/14/17 4:30,19.341
3125,6/14/17 4:45,19.246
3126,6/14/17 5:00,19.151
3127,6/14/17 5:15,19.056
3128,6/14/17 5:30,18.985
3129,6/14/17 5:45,18.913
3130,6/14/17 6:00,18.842
3131,6/14/17 6:15,18.794
3132,6/14/17 6:30,18.747
3133,6/14/17 6:45,18.699
3134,6/14/17 7:00,18.675
3135,6/14/17 7:15,18.652
3136,6/14/17 7:30,18.652
3137,6/14/17 7:45,18.652
3138,6/14/17 8:00,18.652
3139,6/14/17 8:15,18.675
3140,6/14/17 8:30,18.675
3141,6/14/17 8:45,18.699
3142,6/14/17 9:00,18.723
3143,6/14/17 9:15,18.771
3144,6/14/17 9:30,18.818
3145,6/14/17 9:45,18.889
3146,6/14/17 10:00,18.961
3147,6/14/17 10:15,19.056
3148,6/14/17 10:30,19.151
3149,6/14/17 10:45,19.27
3150,6/14/17 11:00,19.365
3151,6/14/17 11:15,19.46
3152,6/14/17 11:30,19.627
3153,6/14/17 11:45,19.77
3154,6/14/17 12:00,19.936
3155,6/14/17 12:15,20.079
3156,6/14/17 12:30,20.222
3157,6/14/17 12:45,20.341
3158,6/14/17 13:00,20.484
3159,6/14/17 13:15,20.579
3160,6/14/17 13:30,20.674
3161,6/14/17 13:45,20.722
3162,6/14/17 14:00,20.77
3163,6/14/17 14:15,20.865
3164,6/14/17 14:30,20.913
3165,6/14/17 14:45,20.96
3166,6/14/17 15:00,20.984
3167,6/14/17 15:15,21.008
3168,6/14/17 15:30,21.056
3169,6/14/17 15:45,21.103
3170,6/14/17 16:00,21.127
3171,6/14/17 16:15,21.151
3172,6/14/17 16:30,21.151
3173,6/14/17 16:45,21.151
3174,6/14/17 17:00,21.151
3175,6/14/17 17:15,21.103
3176,6/14/17 17:30,21.056
3177,6/14/17 17:45,21.008
3178,6/14/17 18:00,20.936
3179,6/14/17 18:15,20.865
3180,6/14/17 18:30,20.77
3181,6/14/17 18:45,20.674
3182,6/14/17 19:00,20.579
3183,6/14/17 19:15,20.46
3184,6/14/17 19:30,20.365
3185,6/14/17 19:45,20.269
3186,6/14/17 20:00,20.15
3187,6/14/17 20:15,20.007
3188,6/14/17 20:30,19.865
3189,6/14/17 20:45,19.746
3190,6/14/17 21:00,19.627
3191,6/14/17 21:15,19.484
3192,6/14/17 21:30,19.341
3193,6/14/17 21:45,19.199
3194,6/14/17 22:00,19.08
3195,6/14/17 22:15,18.961
3196,6/14/17 22:30,18.842
3197,6/14/17 22:45,18.747
3198,6/14/17 23:00,18.628
3199,6/14/17 23:15,18.533
3200,6/14/17 23:30,18.438
3201,6/14/17 23:45,18.343
3202,6/15/17 0:00,18.247
3203,6/15/17 0:15,18.152
3204,6/15/17 0:30,18.081
3205,6/15/17 0:45,17.986
3206,6/15/17 1:00,17.915
3207,6/15/17 1:15,17.819
3208,6/15/17 1:30,17.724
3209,6/15/17 1:45,17.653
3210,6/15/17 2:00,17.558
3211,6/15/17 2:15,17.486
3212,6/15/17 2:30,17.415
3213,6/15/17 2:45,17.344
3214,6/15/17 3:00,17.272
3215,6/15/17 3:15,17.201
3216,6/15/17 3:30,17.13
3217,6/15/17 3:45,17.058
3218,6/15/17 4:00,17.011
3219,6/15/17 4:15,16.939
3220,6/15/17 4:30,16.868
3221,6/15/17 4:45,16.82
3222,6/15/17 5:00,16.749
3223,6/15/17 5:15,16.701
3224,6/15/17 5:30,16.654
3225,6/15/17 5:45,16.63
3226,6/15/17 6:00,16.582
3227,6/15/17 6:15,16.582
3228,6/15/17 6:30,16.558
3229,6/15/17 6:45,16.558
3230,6/15/17 7:00,16.558
3231,6/15/17 7:15,16.582
3232,6/15/17 7:30,16.606
3233,6/15/17 7:45,16.654
3234,6/15/17 8:00,16.725
3235,6/15/17 8:15,16.773
3236,6/15/17 8:30,16.844
3237,6/15/17 8:45,16.915
3238,6/15/17 9:00,16.987
3239,6/15/17 9:15,17.058
3240,6/15/17 9:30,17.177
3241,6/15/17 9:45,17.272
3242,6/15/17 10:00,17.391
3243,6/15/17 10:15,17.51
3244,6/15/17 10:30,17.605
3245,6/15/17 10:45,17.724
3246,6/15/17 11:00,17.819
3247,6/15/17 11:15,17.962
3248,6/15/17 11:30,18.105
3249,6/15/17 11:45,18.247
3250,6/15/17 12:00,18.414
3251,6/15/17 12:15,18.533
3252,6/15/17 12:30,18.652
3253,6/15/17 12:45,18.771
3254,6/15/17 13:00,18.866
3255,6/15/17 13:15,18.961
3256,6/15/17 13:30,19.032
3257,6/15/17 13:45,19.103
3258,6/15/17 14:00,19.199
3259,6/15/17 14:15,19.294
3260,6/15/17 14:30,19.365
3261,6/15/17 14:45,19.436
3262,6/15/17 15:00,19.484
3263,6/15/17 15:15,19.484
3264,6/15/17 15:30,19.46
3265,6/15/17 15:45,19.484
3266,6/15/17 16:00,19.484
3267,6/15/17 16:15,19.508
3268,6/15/17 16:30,19.484
3269,6/15/17 16:45,19.484
3270,6/15/17 17:00,19.46
3271,6/15/17 17:15,19.436
3272,6/15/17 17:30,19.436
3273,6/15/17 17:45,19.436
3274,6/15/17 18:00,19.436
3275,6/15/17 18:15,19.413
3276,6/15/17 18:30,19.365
3277,6/15/17 18:45,19.318
3278,6/15/17 19:00,19.246
3279,6/15/17 19:15,19.199
3280,6/15/17 19:30,19.151
3281,6/15/17 19:45,19.103
3282,6/15/17 20:00,19.056
3283,6/15/17 20:15,18.985
3284,6/15/17 20:30,18.961
3285,6/15/17 20:45,18.889
3286,6/15/17 21:00,18.818
3287,6/15/17 21:15,18.747
3288,6/15/17 21:30,18.675
3289,6/15/17 21:45,18.604
3290,6/15/17 22:00,18.557
3291,6/15/17 22:15,18.485
3292,6/15/17 22:30,18.438
3293,6/15/17 22:45,18.39
3294,6/15/17 23:00,18.343
3295,6/15/17 23:15,18.295
3296,6/15/17 23:30,18.224
3297,6/15/17 23:45,18.176
3298,6/16/17 0:00,18.129
3299,6/16/17 0:15,18.057
3300,6/16/17 0:30,18.01
3301,6/16/17 0:45,17.938
3302,6/16/17 1:00,17.891
3303,6/16/17 1:15,17.843
3304,6/16/17 1:30,17.796
3305,6/16/17 1:45,17.748
3306,6/16/17 2:00,17.701
3307,6/16/17 2:15,17.653
3308,6/16/17 2:30,17.605
3309,6/16/17 2:45,17.582
3310,6/16/17 3:00,17.534
3311,6/16/17 3:15,17.486
3312,6/16/17 3:30,17.439
3313,6/16/17 3:45,17.415
3314,6/16/17 4:00,17.368
3315,6/16/17 4:15,17.344
3316,6/16/17 4:30,17.296
3317,6/16/17 4:45,17.272
3318,6/16/17 5:00,17.249
3319,6/16/17 5:15,17.201
3320,6/16/17 5:30,17.177
3321,6/16/17 5:45,17.153
3322,6/16/17 6:00,17.13
3323,6/16/17 6:15,17.106
3324,6/16/17 6:30,17.106
3325,6/16/17 6:45,17.082
3326,6/16/17 7:00,17.082
3327,6/16/17 7:15,17.058
3328,6/16/17 7:30,17.058
3329,6/16/17 7:45,17.058
3330,6/16/17 8:00,17.034
3331,6/16/17 8:15,17.034
3332,6/16/17 8:30,17.034
3333,6/16/17 8:45,17.034
3334,6/16/17 9:00,17.034
3335,6/16/17 9:15,17.034
3336,6/16/17 9:30,17.034
3337,6/16/17 9:45,17.058
3338,6/16/17 10:00,17.058
3339,6/16/17 10:15,17.106
3340,6/16/17 10:30,17.106
3341,6/16/17 10:45,17.106
3342,6/16/17 11:00,17.13
3343,6/16/17 11:15,17.153
3344,6/16/17 11:30,17.153
3345,6/16/17 11:45,17.177
3346,6/16/17 12:00,17.201
3347,6/16/17 12:15,17.225
3348,6/16/17 12:30,17.225
3349,6/16/17 12:45,17.249
3350,6/16/17 13:00,17.249
3351,6/16/17 13:15,17.249
3352,6/16/17 13:30,17.272
3353,6/16/17 13:45,17.272
3354,6/16/17 14:00,17.296
3355,6/16/17 14:15,17.296
3356,6/16/17 14:30,17.272
3357,6/16/17 14:45,17.272
3358,6/16/17 15:00,17.249
3359,6/16/17 15:15,17.249
3360,6/16/17 15:30,17.249
3361,6/16/17 15:45,17.249
3362,6/16/17 16:00,17.249
3363,6/16/17 16:15,17.249
3364,6/16/17 16:30,17.249
3365,6/16/17 16:45,17.272
3366,6/16/17 17:00,17.296
3367,6/16/17 17:15,17.296
3368,6/16/17 17:30,17.32
3369,6/16/17 17:45,17.32
3370,6/16/17 18:00,17.296
3371,6/16/17 18:15,17.272
3372,6/16/17 18:30,17.249
3373,6/16/17 18:45,17.225
3374,6/16/17 19:00,17.201
3375,6/16/17 19:15,17.153
3376,6/16/17 19:30,17.106
3377,6/16/17 19:45,17.058
3378,6/16/17 20:00,17.011
3379,6/16/17 20:15,16.963
3380,6/16/17 20:30,16.915
3381,6/16/17 20:45,16.868
3382,6/16/17 21:00,16.82
3383,6/16/17 21:15,16.773
3384,6/16/17 21:30,16.749
3385,6/16/17 21:45,16.725
3386,6/16/17 22:00,16.701
3387,6/16/17 22:15,16.677
3388,6/16/17 22:30,16.654
3389,6/16/17 22:45,16.63
3390,6/16/17 23:00,16.606
3391,6/16/17 23:15,16.606
3392,6/16/17 23:30,16.582
3393,6/16/17 23:45,16.582
3394,6/17/17 0:00,16.558
3395,6/17/17 0:15,16.534
3396,6/17/17 0:30,16.534
3397,6/17/17 0:45,16.511
3398,6/17/17 1:00,16.487
3399,6/17/17 1:15,16.487
3400,6/17/17 1:30,16.463
3401,6/17/17 1:45,16.439
3402,6/17/17 2:00,16.439
3403,6/17/17 2:15,16.415
3404,6/17/17 2:30,16.392
3405,6/17/17 2:45,16.392
3406,6/17/17 3:00,16.368
3407,6/17/17 3:15,16.344
3408,6/17/17 3:30,16.296
3409,6/17/17 3:45,16.296
3410,6/17/17 4:00,16.249
3411,6/17/17 4:15,16.249
3412,6/17/17 4:30,16.225
3413,6/17/17 4:45,16.201
3414,6/17/17 5:00,16.177
3415,6/17/17 5:15,16.177
3416,6/17/17 5:30,16.153
3417,6/17/17 5:45,16.153
3418,6/17/17 6:00,16.129
3419,6/17/17 6:15,16.106
3420,6/17/17 6:30,16.106
3421,6/17/17 6:45,16.106
3422,6/17/17 7:00,16.082
3423,6/17/17 7:15,16.082
3424,6/17/17 7:30,16.082
3425,6/17/17 7:45,16.082
3426,6/17/17 8:00,16.082
3427,6/17/17 8:15,16.082
3428,6/17/17 8:30,16.106
3429,6/17/17 8:45,16.106
3430,6/17/17 9:00,16.129
3431,6/17/17 9:15,16.153
3432,6/17/17 9:30,16.153
3433,6/17/17 9:45,16.177
3434,6/17/17 10:00,16.201
3435,6/17/17 10:15,16.225
3436,6/17/17 10:30,16.249
3437,6/17/17 10:45,16.272
3438,6/17/17 11:00,16.32
3439,6/17/17 11:15,16.344
3440,6/17/17 11:30,16.392
3441,6/17/17 11:45,16.415
3442,6/17/17 12:00,16.439
3443,6/17/17 12:15,16.463
3444,6/17/17 12:30,16.487
3445,6/17/17 12:45,16.534
3446,6/17/17 13:00,16.558
3447,6/17/17 13:15,16.582
3448,6/17/17 13:30,16.582
3449,6/17/17 13:45,16.582
3450,6/17/17 14:00,16.606
3451,6/17/17 14:15,16.654
3452,6/17/17 14:30,16.677
3453,6/17/17 14:45,16.677
3454,6/17/17 15:00,16.677
3455,6/17/17 15:15,16.677
3456,6/17/17 15:30,16.677
3457,6/17/17 15:45,16.701
3458,6/17/17 16:00,16.701
3459,6/17/17 16:15,16.725
3460,6/17/17 16:30,16.725
3461,6/17/17 16:45,16.725
3462,6/17/17 17:00,16.725
3463,6/17/17 17:15,16.725
3464,6/17/17 17:30,16.773
3465,6/17/17 17:45,16.796
3466,6/17/17 18:00,16.844
3467,6/17/17 18:15,16.892
3468,6/17/17 18:30,16.892
3469,6/17/17 18:45,16.892
3470,6/17/17 19:00,16.868
3471,6/17/17 19:15,16.844
3472,6/17/17 19:30,16.844
3473,6/17/17 19:45,16.844
3474,6/17/17 20:00,16.844
3475,6/17/17 20:15,16.844
3476,6/17/17 20:30,16.844
3477,6/17/17 20:45,16.82
3478,6/17/17 21:00,16.82
3479,6/17/17 21:15,16.796
3480,6/17/17 21:30,16.773
3481,6/17/17 21:45,16.796
3482,6/17/17 22:00,16.796
3483,6/17/17 22:15,16.82
3484,6/17/17 22:30,16.82
3485,6/17/17 22:45,16.868
3486,6/17/17 23:00,16.868
3487,6/17/17 23:15,16.868
3488,6/17/17 23:30,16.844
3489,6/17/17 23:45,16.82
3490,6/18/17 0:00,16.773
3491,6/18/17 0:15,16.749
3492,6/18/17 0:30,16.701
3493,6/18/17 0:45,16.654
3494,6/18/17 1:00,16.606
3495,6/18/17 1:15,16.582
3496,6/18/17 1:30,16.558
3497,6/18/17 1:45,16.558
3498,6/18/17 2:00,16.534
3499,6/18/17 2:15,16.534
3500,6/18/17 2:30,16.534
3501,6/18/17 2:45,16.534
3502,6/18/17 3:00,16.511
3503,6/18/17 3:15,16.511
3504,6/18/17 3:30,16.487
3505,6/18/17 3:45,16.487
3506,6/18/17 4:00,16.463
3507,6/18/17 4:15,16.463
3508,6/18/17 4:30,16.439
3509,6/18/17 4:45,16.439
3510,6/18/17 5:00,16.439
3511,6/18/17 5:15,16.439
3512,6/18/17 5:30,16.439
3513,6/18/17 5:45,16.439
3514,6/18/17 6:00,16.439
3515,6/18/17 6:15,16.463
3516,6/18/17 6:30,16.487
3517,6/18/17 6:45,16.487
3518,6/18/17 7:00,16.511
3519,6/18/17 7:15,16.487
3520,6/18/17 7:30,16.487
3521,6/18/17 7:45,16.439
3522,6/18/17 8:00,16.439
3523,6/18/17 8:15,16.415
3524,6/18/17 8:30,16.392
3525,6/18/17 8:45,16.392
3526,6/18/17 9:00,16.392
3527,6/18/17 9:15,16.392
3528,6/18/17 9:30,16.415
3529,6/18/17 9:45,16.439
3530,6/18/17 10:00,16.463
3531,6/18/17 10:15,16.487
3532,6/18/17 10:30,16.558
3533,6/18/17 10:45,16.606
3534,6/18/17 11:00,16.677
3535,6/18/17 11:15,16.725
3536,6/18/17 11:30,16.844
3537,6/18/17 11:45,16.963
3538,6/18/17 12:00,17.106
3539,6/18/17 12:15,17.201
3540,6/18/17 12:30,17.296
3541,6/18/17 12:45,17.391
3542,6/18/17 13:00,17.439
3543,6/18/17 13:15,17.51
3544,6/18/17 13:30,17.629
3545,6/18/17 13:45,17.724
3546,6/18/17 14:00,17.796
3547,6/18/17 14:15,17.915
3548,6/18/17 14:30,17.986
3549,6/18/17 14:45,18.057
3550,6/18/17 15:00,18.129
3551,6/18/17 15:15,18.176
3552,6/18/17 15:30,18.224
3553,6/18/17 15:45,18.319
3554,6/18/17 16:00,18.39
3555,6/18/17 16:15,18.485
3556,6/18/17 16:30,18.509
3557,6/18/17 16:45,18.533
3558,6/18/17 17:00,18.604